ReadID,PartialType
0_Z2SFTS_1,partial_P5
2_Z2SFTS_1,both_partial
4_Z2SFTS_1,partial_P5
5_Z2SFTS_1,partial_P5
10_Z2SFTS_1,partial_P5
12_Z2SFTS_1,partial_P7
14_Z2SFTS_1,partial_P5
16_Z2SFTS_1,partial_P5
17_Z2SFTS_1,partial_P5
19_Z2SFTS_1,partial_P7
21_Z2SFTS_1,partial_P5
22_Z2SFTS_1,partial_P5
23_Z2SFTS_1,partial_P5
24_Z2SFTS_1,partial_P5
25_Z2SFTS_1,partial_P7
27_Z2SFTS_1,partial_P5
28_Z2SFTS_1,partial_P5
29_Z2SFTS_1,partial_P5
30_Z2SFTS_1,partial_P5
32_Z2SFTS_1,partial_P7
33_Z2SFTS_1,partial_P7
34_Z2SFTS_1,both_partial
35_Z2SFTS_1,partial_P7
36_Z2SFTS_1,partial_P5
38_Z2SFTS_1,partial_P5
40_Z2SFTS_1,partial_P5
42_Z2SFTS_1,partial_P5
43_Z2SFTS_1,partial_P7
44_Z2SFTS_1,both_partial
47_Z2SFTS_1,partial_P5
50_Z2SFTS_1,partial_P5
51_Z2SFTS_1,both_partial
52_Z2SFTS_1,partial_P5
53_Z2SFTS_1,both_partial
54_Z2SFTS_1,partial_P5
56_Z2SFTS_1,partial_P5
60_Z2SFTS_1,both_partial
61_Z2SFTS_1,partial_P5
62_Z2SFTS_1,partial_P5
64_Z2SFTS_1,partial_P7
65_Z2SFTS_1,partial_P7
66_Z2SFTS_1,partial_P7
70_Z2SFTS_1,partial_P5
75_Z2SFTS_1,partial_P7
76_Z2SFTS_1,partial_P5
77_Z2SFTS_1,partial_P7
78_Z2SFTS_1,partial_P5
79_Z2SFTS_1,partial_P5
80_Z2SFTS_1,partial_P5
81_Z2SFTS_1,partial_P5
82_Z2SFTS_1,partial_P5
84_Z2SFTS_1,partial_P5
85_Z2SFTS_1,partial_P5
87_Z2SFTS_1,partial_P5
88_Z2SFTS_1,partial_P7
89_Z2SFTS_1,partial_P5
91_Z2SFTS_1,partial_P5
92_Z2SFTS_1,partial_P5
94_Z2SFTS_1,partial_P5
95_Z2SFTS_1,partial_P7
96_Z2SFTS_1,partial_P5
98_Z2SFTS_1,partial_P5
100_Z2SFTS_1,partial_P5
102_Z2SFTS_1,partial_P5
103_Z2SFTS_1,partial_P5
106_Z2SFTS_1,partial_P5
107_Z2SFTS_1,partial_P5
108_Z2SFTS_1,partial_P5
109_Z2SFTS_1,partial_P5
110_Z2SFTS_1,partial_P5
112_Z2SFTS_1,partial_P7
114_Z2SFTS_1,partial_P5
115_Z2SFTS_1,partial_P5
117_Z2SFTS_1,partial_P5
118_Z2SFTS_1,partial_P5
119_Z2SFTS_1,partial_P5
120_Z2SFTS_1,partial_P5
121_Z2SFTS_1,partial_P5
122_Z2SFTS_1,partial_P5
123_Z2SFTS_1,partial_P5
124_Z2SFTS_1,partial_P5
125_Z2SFTS_1,partial_P5
126_Z2SFTS_1,partial_P7
127_Z2SFTS_1,partial_P5
128_Z2SFTS_1,partial_P7
129_Z2SFTS_1,partial_P5
130_Z2SFTS_1,partial_P5
131_Z2SFTS_1,partial_P5
132_Z2SFTS_1,partial_P5
133_Z2SFTS_1,partial_P5
135_Z2SFTS_1,partial_P5
136_Z2SFTS_1,partial_P5
137_Z2SFTS_1,partial_P5
138_Z2SFTS_1,partial_P5
141_Z2SFTS_1,partial_P5
142_Z2SFTS_1,partial_P5
143_Z2SFTS_1,partial_P7
144_Z2SFTS_1,partial_P5
145_Z2SFTS_1,partial_P5
146_Z2SFTS_1,partial_P5
147_Z2SFTS_1,partial_P7
148_Z2SFTS_1,partial_P7
149_Z2SFTS_1,partial_P5
150_Z2SFTS_1,partial_P5
151_Z2SFTS_1,partial_P5
152_Z2SFTS_1,partial_P5
153_Z2SFTS_1,partial_P5
158_Z2SFTS_1,partial_P5
160_Z2SFTS_1,partial_P5
161_Z2SFTS_1,partial_P5
163_Z2SFTS_1,partial_P5
164_Z2SFTS_1,partial_P5
165_Z2SFTS_1,partial_P7
166_Z2SFTS_1,partial_P5
167_Z2SFTS_1,partial_P7
168_Z2SFTS_1,partial_P5
171_Z2SFTS_1,partial_P5
173_Z2SFTS_1,partial_P7
174_Z2SFTS_1,partial_P5
175_Z2SFTS_1,partial_P7
177_Z2SFTS_1,partial_P5
178_Z2SFTS_1,partial_P5
179_Z2SFTS_1,partial_P7
180_Z2SFTS_1,partial_P5
181_Z2SFTS_1,partial_P7
182_Z2SFTS_1,partial_P5
183_Z2SFTS_1,partial_P5
184_Z2SFTS_1,partial_P5
185_Z2SFTS_1,partial_P5
186_Z2SFTS_1,partial_P5
187_Z2SFTS_1,partial_P5
188_Z2SFTS_1,partial_P5
189_Z2SFTS_1,partial_P5
190_Z2SFTS_1,partial_P5
191_Z2SFTS_1,partial_P7
192_Z2SFTS_1,partial_P5
193_Z2SFTS_1,partial_P5
194_Z2SFTS_1,partial_P7
195_Z2SFTS_1,partial_P7
196_Z2SFTS_1,partial_P5
197_Z2SFTS_1,partial_P5
198_Z2SFTS_1,partial_P5
199_Z2SFTS_1,partial_P5
200_Z2SFTS_1,partial_P7
201_Z2SFTS_1,partial_P7
202_Z2SFTS_1,partial_P5
203_Z2SFTS_1,partial_P5
204_Z2SFTS_1,partial_P5
205_Z2SFTS_1,partial_P5
206_Z2SFTS_1,partial_P7
207_Z2SFTS_1,partial_P7
209_Z2SFTS_1,partial_P5
210_Z2SFTS_1,partial_P7
211_Z2SFTS_1,partial_P5
212_Z2SFTS_1,partial_P5
213_Z2SFTS_1,partial_P7
214_Z2SFTS_1,partial_P5
215_Z2SFTS_1,partial_P5
216_Z2SFTS_1,partial_P5
217_Z2SFTS_1,partial_P5
218_Z2SFTS_1,partial_P5
219_Z2SFTS_1,partial_P7
220_Z2SFTS_1,partial_P5
221_Z2SFTS_1,partial_P5
222_Z2SFTS_1,partial_P5
223_Z2SFTS_1,partial_P5
224_Z2SFTS_1,partial_P5
225_Z2SFTS_1,partial_P5
226_Z2SFTS_1,partial_P5
230_Z2SFTS_1,partial_P5
231_Z2SFTS_1,partial_P5
232_Z2SFTS_1,partial_P7
234_Z2SFTS_1,partial_P5
236_Z2SFTS_1,partial_P5
237_Z2SFTS_1,partial_P5
238_Z2SFTS_1,both_partial
239_Z2SFTS_1,partial_P5
240_Z2SFTS_1,partial_P5
241_Z2SFTS_1,partial_P5
244_Z2SFTS_1,partial_P5
245_Z2SFTS_1,partial_P5
246_Z2SFTS_1,partial_P5
247_Z2SFTS_1,partial_P5
248_Z2SFTS_1,partial_P5
249_Z2SFTS_1,partial_P5
250_Z2SFTS_1,partial_P5
251_Z2SFTS_1,partial_P5
252_Z2SFTS_1,partial_P5
254_Z2SFTS_1,partial_P7
255_Z2SFTS_1,partial_P7
256_Z2SFTS_1,partial_P7
257_Z2SFTS_1,partial_P5
258_Z2SFTS_1,partial_P7
259_Z2SFTS_1,partial_P5
260_Z2SFTS_1,partial_P5
262_Z2SFTS_1,partial_P5
265_Z2SFTS_1,partial_P7
266_Z2SFTS_1,partial_P5
267_Z2SFTS_1,partial_P5
268_Z2SFTS_1,partial_P5
269_Z2SFTS_1,partial_P5
270_Z2SFTS_1,partial_P5
271_Z2SFTS_1,partial_P5
272_Z2SFTS_1,partial_P5
273_Z2SFTS_1,partial_P5
274_Z2SFTS_1,partial_P5
275_Z2SFTS_1,partial_P5
276_Z2SFTS_1,partial_P5
278_Z2SFTS_1,partial_P5
279_Z2SFTS_1,partial_P5
280_Z2SFTS_1,partial_P7
281_Z2SFTS_1,partial_P5
282_Z2SFTS_1,partial_P5
283_Z2SFTS_1,partial_P5
285_Z2SFTS_1,partial_P5
286_Z2SFTS_1,partial_P5
287_Z2SFTS_1,partial_P5
288_Z2SFTS_1,partial_P7
289_Z2SFTS_1,partial_P5
292_Z2SFTS_1,partial_P5
294_Z2SFTS_1,partial_P5
295_Z2SFTS_1,partial_P7
296_Z2SFTS_1,partial_P5
297_Z2SFTS_1,partial_P7
298_Z2SFTS_1,partial_P5
299_Z2SFTS_1,partial_P5
300_Z2SFTS_1,partial_P5
301_Z2SFTS_1,partial_P7
302_Z2SFTS_1,partial_P5
303_Z2SFTS_1,partial_P5
305_Z2SFTS_1,partial_P5
306_Z2SFTS_1,partial_P5
307_Z2SFTS_1,partial_P5
308_Z2SFTS_1,partial_P5
309_Z2SFTS_1,partial_P5
311_Z2SFTS_1,partial_P5
312_Z2SFTS_1,partial_P5
313_Z2SFTS_1,partial_P5
315_Z2SFTS_1,partial_P7
316_Z2SFTS_1,partial_P5
317_Z2SFTS_1,partial_P7
318_Z2SFTS_1,partial_P7
320_Z2SFTS_1,partial_P5
321_Z2SFTS_1,partial_P5
322_Z2SFTS_1,partial_P7
323_Z2SFTS_1,partial_P7
324_Z2SFTS_1,partial_P5
325_Z2SFTS_1,partial_P5
326_Z2SFTS_1,partial_P7
328_Z2SFTS_1,partial_P5
329_Z2SFTS_1,partial_P5
332_Z2SFTS_1,partial_P5
334_Z2SFTS_1,partial_P5
335_Z2SFTS_1,partial_P5
337_Z2SFTS_1,partial_P5
338_Z2SFTS_1,partial_P5
339_Z2SFTS_1,partial_P5
340_Z2SFTS_1,partial_P5
341_Z2SFTS_1,both_partial
342_Z2SFTS_1,partial_P7
343_Z2SFTS_1,partial_P5
344_Z2SFTS_1,partial_P5
345_Z2SFTS_1,partial_P5
346_Z2SFTS_1,partial_P5
348_Z2SFTS_1,partial_P5
350_Z2SFTS_1,partial_P5
351_Z2SFTS_1,partial_P7
352_Z2SFTS_1,partial_P7
353_Z2SFTS_1,partial_P5
354_Z2SFTS_1,partial_P5
355_Z2SFTS_1,partial_P5
356_Z2SFTS_1,partial_P5
357_Z2SFTS_1,partial_P5
358_Z2SFTS_1,partial_P7
360_Z2SFTS_1,partial_P7
361_Z2SFTS_1,partial_P7
363_Z2SFTS_1,partial_P5
364_Z2SFTS_1,partial_P5
366_Z2SFTS_1,partial_P5
368_Z2SFTS_1,partial_P5
369_Z2SFTS_1,partial_P5
370_Z2SFTS_1,partial_P5
372_Z2SFTS_1,partial_P7
373_Z2SFTS_1,partial_P5
374_Z2SFTS_1,partial_P5
375_Z2SFTS_1,partial_P5
376_Z2SFTS_1,partial_P5
377_Z2SFTS_1,partial_P5
378_Z2SFTS_1,partial_P5
379_Z2SFTS_1,partial_P5
380_Z2SFTS_1,partial_P7
381_Z2SFTS_1,partial_P5
382_Z2SFTS_1,partial_P5
383_Z2SFTS_1,partial_P5
384_Z2SFTS_1,partial_P7
385_Z2SFTS_1,partial_P5
386_Z2SFTS_1,partial_P5
387_Z2SFTS_1,partial_P7
388_Z2SFTS_1,partial_P5
389_Z2SFTS_1,partial_P7
390_Z2SFTS_1,partial_P5
391_Z2SFTS_1,partial_P5
392_Z2SFTS_1,partial_P5
393_Z2SFTS_1,partial_P5
394_Z2SFTS_1,partial_P5
395_Z2SFTS_1,partial_P5
396_Z2SFTS_1,partial_P5
397_Z2SFTS_1,partial_P5
398_Z2SFTS_1,partial_P5
399_Z2SFTS_1,partial_P7
400_Z2SFTS_1,partial_P5
401_Z2SFTS_1,partial_P5
404_Z2SFTS_1,partial_P5
405_Z2SFTS_1,partial_P5
406_Z2SFTS_1,partial_P5
408_Z2SFTS_1,partial_P5
410_Z2SFTS_1,partial_P5
411_Z2SFTS_1,partial_P5
412_Z2SFTS_1,partial_P5
413_Z2SFTS_1,partial_P7
415_Z2SFTS_1,partial_P5
416_Z2SFTS_1,partial_P5
417_Z2SFTS_1,partial_P5
418_Z2SFTS_1,partial_P7
419_Z2SFTS_1,partial_P7
421_Z2SFTS_1,partial_P5
422_Z2SFTS_1,partial_P5
423_Z2SFTS_1,partial_P5
424_Z2SFTS_1,partial_P7
425_Z2SFTS_1,partial_P5
427_Z2SFTS_1,partial_P5
428_Z2SFTS_1,partial_P5
429_Z2SFTS_1,partial_P5
430_Z2SFTS_1,partial_P5
431_Z2SFTS_1,partial_P7
432_Z2SFTS_1,partial_P5
433_Z2SFTS_1,partial_P7
435_Z2SFTS_1,partial_P7
436_Z2SFTS_1,partial_P5
437_Z2SFTS_1,partial_P5
438_Z2SFTS_1,partial_P7
439_Z2SFTS_1,partial_P7
440_Z2SFTS_1,partial_P5
441_Z2SFTS_1,partial_P5
442_Z2SFTS_1,partial_P5
443_Z2SFTS_1,partial_P7
445_Z2SFTS_1,partial_P5
446_Z2SFTS_1,partial_P7
447_Z2SFTS_1,partial_P5
449_Z2SFTS_1,partial_P5
450_Z2SFTS_1,partial_P5
451_Z2SFTS_1,partial_P5
452_Z2SFTS_1,partial_P5
453_Z2SFTS_1,partial_P5
454_Z2SFTS_1,partial_P5
455_Z2SFTS_1,partial_P7
456_Z2SFTS_1,partial_P7
457_Z2SFTS_1,partial_P5
459_Z2SFTS_1,partial_P5
460_Z2SFTS_1,partial_P7
461_Z2SFTS_1,partial_P5
462_Z2SFTS_1,partial_P5
464_Z2SFTS_1,partial_P7
465_Z2SFTS_1,partial_P5
466_Z2SFTS_1,partial_P7
468_Z2SFTS_1,partial_P7
469_Z2SFTS_1,partial_P5
470_Z2SFTS_1,partial_P5
472_Z2SFTS_1,partial_P5
474_Z2SFTS_1,partial_P7
475_Z2SFTS_1,partial_P7
476_Z2SFTS_1,partial_P5
477_Z2SFTS_1,partial_P5
479_Z2SFTS_1,partial_P5
480_Z2SFTS_1,partial_P5
481_Z2SFTS_1,partial_P5
482_Z2SFTS_1,partial_P7
483_Z2SFTS_1,partial_P5
484_Z2SFTS_1,partial_P7
485_Z2SFTS_1,partial_P5
486_Z2SFTS_1,partial_P5
487_Z2SFTS_1,partial_P7
488_Z2SFTS_1,partial_P5
489_Z2SFTS_1,partial_P5
490_Z2SFTS_1,partial_P5
491_Z2SFTS_1,partial_P5
492_Z2SFTS_1,partial_P5
493_Z2SFTS_1,partial_P5
494_Z2SFTS_1,partial_P5
496_Z2SFTS_1,partial_P7
497_Z2SFTS_1,partial_P5
499_Z2SFTS_1,partial_P5
500_Z2SFTS_1,partial_P5
501_Z2SFTS_1,partial_P5
502_Z2SFTS_1,partial_P5
503_Z2SFTS_1,partial_P5
504_Z2SFTS_1,partial_P7
506_Z2SFTS_1,partial_P5
507_Z2SFTS_1,partial_P5
508_Z2SFTS_1,partial_P5
509_Z2SFTS_1,partial_P5
510_Z2SFTS_1,partial_P5
511_Z2SFTS_1,partial_P5
512_Z2SFTS_1,partial_P5
513_Z2SFTS_1,partial_P5
514_Z2SFTS_1,partial_P5
515_Z2SFTS_1,partial_P5
516_Z2SFTS_1,partial_P5
517_Z2SFTS_1,partial_P5
518_Z2SFTS_1,partial_P7
520_Z2SFTS_1,partial_P7
521_Z2SFTS_1,partial_P5
522_Z2SFTS_1,partial_P7
523_Z2SFTS_1,partial_P5
524_Z2SFTS_1,partial_P5
525_Z2SFTS_1,partial_P7
526_Z2SFTS_1,partial_P5
527_Z2SFTS_1,partial_P5
528_Z2SFTS_1,partial_P5
529_Z2SFTS_1,partial_P5
530_Z2SFTS_1,partial_P5
531_Z2SFTS_1,partial_P7
533_Z2SFTS_1,partial_P5
534_Z2SFTS_1,partial_P7
535_Z2SFTS_1,partial_P5
536_Z2SFTS_1,partial_P5
537_Z2SFTS_1,partial_P5
538_Z2SFTS_1,partial_P7
539_Z2SFTS_1,partial_P5
540_Z2SFTS_1,partial_P5
541_Z2SFTS_1,partial_P5
542_Z2SFTS_1,partial_P5
544_Z2SFTS_1,partial_P5
545_Z2SFTS_1,partial_P5
546_Z2SFTS_1,partial_P5
547_Z2SFTS_1,partial_P5
548_Z2SFTS_1,partial_P5
549_Z2SFTS_1,partial_P5
550_Z2SFTS_1,partial_P5
551_Z2SFTS_1,partial_P5
552_Z2SFTS_1,partial_P5
553_Z2SFTS_1,partial_P5
554_Z2SFTS_1,partial_P7
555_Z2SFTS_1,partial_P5
556_Z2SFTS_1,partial_P5
557_Z2SFTS_1,partial_P5
558_Z2SFTS_1,partial_P5
559_Z2SFTS_1,partial_P5
561_Z2SFTS_1,partial_P5
563_Z2SFTS_1,partial_P5
564_Z2SFTS_1,partial_P5
565_Z2SFTS_1,partial_P5
566_Z2SFTS_1,partial_P5
568_Z2SFTS_1,partial_P5
569_Z2SFTS_1,partial_P5
570_Z2SFTS_1,partial_P5
571_Z2SFTS_1,partial_P5
572_Z2SFTS_1,partial_P7
573_Z2SFTS_1,partial_P5
574_Z2SFTS_1,partial_P5
575_Z2SFTS_1,partial_P5
576_Z2SFTS_1,partial_P7
577_Z2SFTS_1,partial_P5
579_Z2SFTS_1,partial_P5
580_Z2SFTS_1,partial_P5
582_Z2SFTS_1,partial_P5
583_Z2SFTS_1,partial_P5
585_Z2SFTS_1,partial_P5
586_Z2SFTS_1,partial_P5
587_Z2SFTS_1,partial_P7
588_Z2SFTS_1,partial_P5
590_Z2SFTS_1,partial_P7
591_Z2SFTS_1,partial_P7
593_Z2SFTS_1,partial_P5
594_Z2SFTS_1,partial_P5
595_Z2SFTS_1,partial_P5
596_Z2SFTS_1,partial_P5
597_Z2SFTS_1,partial_P5
598_Z2SFTS_1,partial_P5
599_Z2SFTS_1,partial_P7
600_Z2SFTS_1,partial_P7
601_Z2SFTS_1,partial_P5
605_Z2SFTS_1,partial_P5
606_Z2SFTS_1,partial_P5
607_Z2SFTS_1,partial_P7
608_Z2SFTS_1,partial_P5
609_Z2SFTS_1,partial_P7
612_Z2SFTS_1,partial_P5
613_Z2SFTS_1,both_partial
614_Z2SFTS_1,partial_P5
616_Z2SFTS_1,partial_P5
619_Z2SFTS_1,partial_P7
621_Z2SFTS_1,partial_P5
622_Z2SFTS_1,partial_P5
623_Z2SFTS_1,partial_P5
624_Z2SFTS_1,partial_P5
625_Z2SFTS_1,partial_P7
627_Z2SFTS_1,partial_P5
628_Z2SFTS_1,partial_P5
630_Z2SFTS_1,partial_P5
631_Z2SFTS_1,both_partial
632_Z2SFTS_1,partial_P5
633_Z2SFTS_1,partial_P5
634_Z2SFTS_1,partial_P7
635_Z2SFTS_1,partial_P5
637_Z2SFTS_1,both_partial
638_Z2SFTS_1,both_partial
639_Z2SFTS_1,partial_P5
640_Z2SFTS_1,partial_P7
641_Z2SFTS_1,partial_P5
643_Z2SFTS_1,partial_P5
648_Z2SFTS_1,partial_P5
650_Z2SFTS_1,partial_P5
654_Z2SFTS_1,partial_P5
657_Z2SFTS_1,both_partial
658_Z2SFTS_1,partial_P5
659_Z2SFTS_1,partial_P5
660_Z2SFTS_1,partial_P7
662_Z2SFTS_1,partial_P5
664_Z2SFTS_1,partial_P5
665_Z2SFTS_1,partial_P7
666_Z2SFTS_1,partial_P5
667_Z2SFTS_1,partial_P5
668_Z2SFTS_1,partial_P7
670_Z2SFTS_1,partial_P5
671_Z2SFTS_1,partial_P5
673_Z2SFTS_1,partial_P7
674_Z2SFTS_1,partial_P5
677_Z2SFTS_1,partial_P5
678_Z2SFTS_1,partial_P5
680_Z2SFTS_1,partial_P5
682_Z2SFTS_1,partial_P5
685_Z2SFTS_1,partial_P5
686_Z2SFTS_1,partial_P7
687_Z2SFTS_1,partial_P5
689_Z2SFTS_1,partial_P5
690_Z2SFTS_1,partial_P5
691_Z2SFTS_1,partial_P5
692_Z2SFTS_1,both_partial
694_Z2SFTS_1,both_partial
695_Z2SFTS_1,partial_P5
696_Z2SFTS_1,partial_P7
697_Z2SFTS_1,partial_P5
698_Z2SFTS_1,both_partial
699_Z2SFTS_1,partial_P7
700_Z2SFTS_1,partial_P5
701_Z2SFTS_1,partial_P5
706_Z2SFTS_1,partial_P7
707_Z2SFTS_1,partial_P5
708_Z2SFTS_1,partial_P5
709_Z2SFTS_1,partial_P5
711_Z2SFTS_1,partial_P5
712_Z2SFTS_1,partial_P7
713_Z2SFTS_1,partial_P5
714_Z2SFTS_1,partial_P7
715_Z2SFTS_1,partial_P5
716_Z2SFTS_1,partial_P5
717_Z2SFTS_1,partial_P5
718_Z2SFTS_1,partial_P7
719_Z2SFTS_1,partial_P7
720_Z2SFTS_1,partial_P5
721_Z2SFTS_1,partial_P7
725_Z2SFTS_1,partial_P7
727_Z2SFTS_1,partial_P5
728_Z2SFTS_1,partial_P7
733_Z2SFTS_1,partial_P5
734_Z2SFTS_1,partial_P7
735_Z2SFTS_1,partial_P5
736_Z2SFTS_1,partial_P7
737_Z2SFTS_1,partial_P5
740_Z2SFTS_1,partial_P5
743_Z2SFTS_1,partial_P5
744_Z2SFTS_1,partial_P7
745_Z2SFTS_1,partial_P5
746_Z2SFTS_1,partial_P5
747_Z2SFTS_1,partial_P5
748_Z2SFTS_1,partial_P5
749_Z2SFTS_1,both_partial
751_Z2SFTS_1,partial_P5
752_Z2SFTS_1,partial_P5
753_Z2SFTS_1,partial_P7
754_Z2SFTS_1,partial_P5
756_Z2SFTS_1,partial_P5
759_Z2SFTS_1,partial_P5
762_Z2SFTS_1,partial_P7
763_Z2SFTS_1,partial_P7
766_Z2SFTS_1,partial_P7
767_Z2SFTS_1,partial_P5
768_Z2SFTS_1,both_partial
769_Z2SFTS_1,partial_P5
771_Z2SFTS_1,partial_P7
773_Z2SFTS_1,partial_P5
774_Z2SFTS_1,partial_P5
775_Z2SFTS_1,partial_P5
780_Z2SFTS_1,partial_P7
782_Z2SFTS_1,partial_P5
783_Z2SFTS_1,partial_P5
784_Z2SFTS_1,partial_P7
787_Z2SFTS_1,partial_P5
788_Z2SFTS_1,partial_P7
789_Z2SFTS_1,partial_P7
790_Z2SFTS_1,partial_P7
791_Z2SFTS_1,both_partial
792_Z2SFTS_1,partial_P7
794_Z2SFTS_1,partial_P5
795_Z2SFTS_1,partial_P7
796_Z2SFTS_1,partial_P5
797_Z2SFTS_1,partial_P5
800_Z2SFTS_1,partial_P7
802_Z2SFTS_1,partial_P5
803_Z2SFTS_1,partial_P7
804_Z2SFTS_1,partial_P5
806_Z2SFTS_1,partial_P5
807_Z2SFTS_1,partial_P5
808_Z2SFTS_1,partial_P5
809_Z2SFTS_1,partial_P5
810_Z2SFTS_1,partial_P5
814_Z2SFTS_1,both_partial
815_Z2SFTS_1,partial_P7
816_Z2SFTS_1,partial_P7
818_Z2SFTS_1,partial_P5
819_Z2SFTS_1,partial_P5
821_Z2SFTS_1,partial_P5
822_Z2SFTS_1,partial_P5
823_Z2SFTS_1,partial_P5
824_Z2SFTS_1,partial_P5
827_Z2SFTS_1,partial_P5
828_Z2SFTS_1,partial_P7
829_Z2SFTS_1,both_partial
835_Z2SFTS_1,partial_P5
836_Z2SFTS_1,partial_P5
837_Z2SFTS_1,partial_P5
840_Z2SFTS_1,partial_P7
841_Z2SFTS_1,partial_P7
842_Z2SFTS_1,both_partial
844_Z2SFTS_1,partial_P5
847_Z2SFTS_1,partial_P5
848_Z2SFTS_1,partial_P7
849_Z2SFTS_1,partial_P5
851_Z2SFTS_1,partial_P7
852_Z2SFTS_1,partial_P7
853_Z2SFTS_1,partial_P7
854_Z2SFTS_1,partial_P7
856_Z2SFTS_1,partial_P7
857_Z2SFTS_1,partial_P5
859_Z2SFTS_1,partial_P7
860_Z2SFTS_1,partial_P5
861_Z2SFTS_1,partial_P5
862_Z2SFTS_1,partial_P5
863_Z2SFTS_1,partial_P5
865_Z2SFTS_1,both_partial
866_Z2SFTS_1,partial_P5
868_Z2SFTS_1,partial_P7
871_Z2SFTS_1,partial_P7
872_Z2SFTS_1,partial_P7
873_Z2SFTS_1,both_partial
874_Z2SFTS_1,partial_P5
875_Z2SFTS_1,partial_P5
881_Z2SFTS_1,partial_P7
882_Z2SFTS_1,partial_P5
886_Z2SFTS_1,partial_P5
891_Z2SFTS_1,partial_P5
894_Z2SFTS_1,partial_P5
896_Z2SFTS_1,partial_P5
898_Z2SFTS_1,partial_P5
899_Z2SFTS_1,partial_P7
900_Z2SFTS_1,partial_P5
901_Z2SFTS_1,partial_P5
902_Z2SFTS_1,both_partial
903_Z2SFTS_1,both_partial
906_Z2SFTS_1,partial_P5
907_Z2SFTS_1,partial_P5
908_Z2SFTS_1,partial_P7
909_Z2SFTS_1,partial_P7
912_Z2SFTS_1,partial_P7
914_Z2SFTS_1,partial_P5
916_Z2SFTS_1,both_partial
917_Z2SFTS_1,partial_P5
921_Z2SFTS_1,partial_P5
922_Z2SFTS_1,partial_P7
923_Z2SFTS_1,both_partial
924_Z2SFTS_1,partial_P5
925_Z2SFTS_1,partial_P5
926_Z2SFTS_1,partial_P5
927_Z2SFTS_1,partial_P7
929_Z2SFTS_1,partial_P5
930_Z2SFTS_1,partial_P7
932_Z2SFTS_1,both_partial
933_Z2SFTS_1,partial_P5
934_Z2SFTS_1,both_partial
936_Z2SFTS_1,partial_P7
939_Z2SFTS_1,partial_P5
940_Z2SFTS_1,both_partial
941_Z2SFTS_1,partial_P7
944_Z2SFTS_1,partial_P5
946_Z2SFTS_1,partial_P5
947_Z2SFTS_1,both_partial
948_Z2SFTS_1,partial_P5
949_Z2SFTS_1,partial_P5
950_Z2SFTS_1,partial_P5
953_Z2SFTS_1,partial_P5
954_Z2SFTS_1,partial_P5
955_Z2SFTS_1,partial_P5
956_Z2SFTS_1,partial_P5
957_Z2SFTS_1,partial_P7
958_Z2SFTS_1,partial_P5
959_Z2SFTS_1,partial_P7
961_Z2SFTS_1,partial_P5
962_Z2SFTS_1,partial_P7
964_Z2SFTS_1,partial_P5
965_Z2SFTS_1,partial_P5
966_Z2SFTS_1,partial_P5
967_Z2SFTS_1,partial_P5
968_Z2SFTS_1,partial_P5
969_Z2SFTS_1,partial_P5
970_Z2SFTS_1,partial_P5
971_Z2SFTS_1,partial_P7
972_Z2SFTS_1,partial_P7
973_Z2SFTS_1,partial_P5
974_Z2SFTS_1,partial_P5
975_Z2SFTS_1,partial_P5
976_Z2SFTS_1,partial_P7
979_Z2SFTS_1,partial_P5
983_Z2SFTS_1,partial_P5
985_Z2SFTS_1,partial_P5
986_Z2SFTS_1,partial_P7
987_Z2SFTS_1,partial_P5
988_Z2SFTS_1,partial_P5
989_Z2SFTS_1,partial_P5
990_Z2SFTS_1,partial_P5
991_Z2SFTS_1,partial_P5
992_Z2SFTS_1,partial_P5
993_Z2SFTS_1,partial_P5
994_Z2SFTS_1,partial_P5
998_Z2SFTS_1,partial_P5
999_Z2SFTS_1,partial_P5
1000_Z2SFTS_1,partial_P5
1002_Z2SFTS_1,partial_P5
1003_Z2SFTS_1,partial_P5
1004_Z2SFTS_1,both_partial
1005_Z2SFTS_1,partial_P5
1006_Z2SFTS_1,partial_P5
1007_Z2SFTS_1,partial_P5
1008_Z2SFTS_1,partial_P5
1009_Z2SFTS_1,partial_P5
1010_Z2SFTS_1,partial_P7
1011_Z2SFTS_1,partial_P5
1012_Z2SFTS_1,partial_P7
1013_Z2SFTS_1,partial_P5
1014_Z2SFTS_1,partial_P5
1015_Z2SFTS_1,partial_P5
1016_Z2SFTS_1,partial_P5
1017_Z2SFTS_1,partial_P5
1018_Z2SFTS_1,partial_P5
1020_Z2SFTS_1,partial_P5
1021_Z2SFTS_1,partial_P5
1023_Z2SFTS_1,partial_P5
1024_Z2SFTS_1,partial_P7
1025_Z2SFTS_1,partial_P5
1026_Z2SFTS_1,partial_P7
1027_Z2SFTS_1,partial_P7
1028_Z2SFTS_1,partial_P5
1029_Z2SFTS_1,partial_P5
1030_Z2SFTS_1,partial_P5
1031_Z2SFTS_1,partial_P5
1032_Z2SFTS_1,partial_P5
1033_Z2SFTS_1,partial_P7
1034_Z2SFTS_1,partial_P7
1035_Z2SFTS_1,partial_P5
1036_Z2SFTS_1,partial_P5
1037_Z2SFTS_1,partial_P7
1038_Z2SFTS_1,partial_P7
1039_Z2SFTS_1,partial_P5
1040_Z2SFTS_1,partial_P5
1041_Z2SFTS_1,partial_P7
1042_Z2SFTS_1,partial_P5
1043_Z2SFTS_1,partial_P5
1044_Z2SFTS_1,partial_P7
1045_Z2SFTS_1,partial_P5
1046_Z2SFTS_1,partial_P7
1047_Z2SFTS_1,partial_P5
1048_Z2SFTS_1,partial_P5
1049_Z2SFTS_1,partial_P7
1050_Z2SFTS_1,partial_P5
1052_Z2SFTS_1,partial_P5
1053_Z2SFTS_1,partial_P7
1054_Z2SFTS_1,partial_P7
1055_Z2SFTS_1,partial_P5
1057_Z2SFTS_1,partial_P5
1058_Z2SFTS_1,partial_P5
1060_Z2SFTS_1,partial_P5
1061_Z2SFTS_1,partial_P5
1062_Z2SFTS_1,partial_P7
1063_Z2SFTS_1,partial_P5
1065_Z2SFTS_1,both_partial
1066_Z2SFTS_1,partial_P5
1067_Z2SFTS_1,partial_P5
1068_Z2SFTS_1,partial_P5
1069_Z2SFTS_1,partial_P5
1070_Z2SFTS_1,partial_P5
1072_Z2SFTS_1,partial_P5
1073_Z2SFTS_1,partial_P5
1074_Z2SFTS_1,partial_P7
1075_Z2SFTS_1,partial_P7
1077_Z2SFTS_1,partial_P5
1078_Z2SFTS_1,partial_P5
1079_Z2SFTS_1,partial_P5
1080_Z2SFTS_1,partial_P5
1081_Z2SFTS_1,partial_P5
1082_Z2SFTS_1,partial_P5
1083_Z2SFTS_1,partial_P5
1085_Z2SFTS_1,partial_P5
1086_Z2SFTS_1,partial_P7
1087_Z2SFTS_1,partial_P5
1089_Z2SFTS_1,partial_P7
1090_Z2SFTS_1,partial_P5
1092_Z2SFTS_1,partial_P5
1093_Z2SFTS_1,partial_P5
1095_Z2SFTS_1,partial_P5
1098_Z2SFTS_1,partial_P5
1099_Z2SFTS_1,partial_P7
1100_Z2SFTS_1,partial_P5
1101_Z2SFTS_1,partial_P7
1102_Z2SFTS_1,partial_P7
1104_Z2SFTS_1,partial_P5
1105_Z2SFTS_1,partial_P7
1106_Z2SFTS_1,partial_P5
1107_Z2SFTS_1,partial_P5
1109_Z2SFTS_1,partial_P5
1110_Z2SFTS_1,partial_P5
1111_Z2SFTS_1,partial_P5
1112_Z2SFTS_1,partial_P5
1113_Z2SFTS_1,partial_P7
1115_Z2SFTS_1,partial_P5
1116_Z2SFTS_1,partial_P5
1117_Z2SFTS_1,partial_P7
1118_Z2SFTS_1,partial_P5
1119_Z2SFTS_1,partial_P5
1120_Z2SFTS_1,partial_P5
1121_Z2SFTS_1,partial_P5
1122_Z2SFTS_1,partial_P5
1123_Z2SFTS_1,partial_P5
1124_Z2SFTS_1,partial_P5
1126_Z2SFTS_1,partial_P5
1127_Z2SFTS_1,partial_P5
1130_Z2SFTS_1,partial_P5
1131_Z2SFTS_1,partial_P5
1132_Z2SFTS_1,partial_P5
1133_Z2SFTS_1,both_partial
1134_Z2SFTS_1,partial_P5
1135_Z2SFTS_1,partial_P5
1136_Z2SFTS_1,partial_P7
1137_Z2SFTS_1,partial_P5
1138_Z2SFTS_1,partial_P7
1139_Z2SFTS_1,partial_P5
1140_Z2SFTS_1,partial_P5
1142_Z2SFTS_1,partial_P5
1146_Z2SFTS_1,partial_P7
1147_Z2SFTS_1,partial_P5
1148_Z2SFTS_1,partial_P5
1149_Z2SFTS_1,partial_P5
1150_Z2SFTS_1,partial_P5
1151_Z2SFTS_1,partial_P5
1152_Z2SFTS_1,partial_P5
1154_Z2SFTS_1,partial_P5
1155_Z2SFTS_1,partial_P5
1156_Z2SFTS_1,partial_P5
1157_Z2SFTS_1,partial_P5
1159_Z2SFTS_1,partial_P5
1161_Z2SFTS_1,partial_P5
1162_Z2SFTS_1,partial_P5
1163_Z2SFTS_1,partial_P5
1165_Z2SFTS_1,partial_P5
1166_Z2SFTS_1,partial_P5
1167_Z2SFTS_1,partial_P5
1168_Z2SFTS_1,partial_P5
1169_Z2SFTS_1,partial_P5
1170_Z2SFTS_1,partial_P5
1171_Z2SFTS_1,partial_P5
1172_Z2SFTS_1,partial_P5
1173_Z2SFTS_1,partial_P7
1175_Z2SFTS_1,partial_P5
1178_Z2SFTS_1,partial_P5
1179_Z2SFTS_1,partial_P5
1180_Z2SFTS_1,partial_P5
1181_Z2SFTS_1,partial_P5
1183_Z2SFTS_1,partial_P5
1184_Z2SFTS_1,partial_P5
1186_Z2SFTS_1,partial_P5
1187_Z2SFTS_1,partial_P5
1188_Z2SFTS_1,partial_P5
1189_Z2SFTS_1,partial_P5
1192_Z2SFTS_1,partial_P7
1193_Z2SFTS_1,partial_P5
1194_Z2SFTS_1,partial_P5
1195_Z2SFTS_1,partial_P5
1196_Z2SFTS_1,partial_P5
1197_Z2SFTS_1,partial_P5
1198_Z2SFTS_1,partial_P5
1200_Z2SFTS_1,partial_P5
1204_Z2SFTS_1,partial_P5
1205_Z2SFTS_1,partial_P5
1206_Z2SFTS_1,partial_P5
1207_Z2SFTS_1,partial_P7
1208_Z2SFTS_1,partial_P7
1209_Z2SFTS_1,partial_P5
1210_Z2SFTS_1,partial_P5
1211_Z2SFTS_1,partial_P5
1212_Z2SFTS_1,partial_P5
1213_Z2SFTS_1,partial_P5
1214_Z2SFTS_1,partial_P5
1215_Z2SFTS_1,partial_P7
1216_Z2SFTS_1,partial_P5
1218_Z2SFTS_1,partial_P5
1219_Z2SFTS_1,partial_P5
1220_Z2SFTS_1,partial_P5
1221_Z2SFTS_1,partial_P5
1223_Z2SFTS_1,partial_P5
1224_Z2SFTS_1,partial_P5
1225_Z2SFTS_1,partial_P5
1227_Z2SFTS_1,partial_P5
1228_Z2SFTS_1,partial_P5
1229_Z2SFTS_1,both_partial
1230_Z2SFTS_1,partial_P7
1231_Z2SFTS_1,partial_P5
1232_Z2SFTS_1,partial_P5
1233_Z2SFTS_1,partial_P5
1235_Z2SFTS_1,partial_P5
1236_Z2SFTS_1,partial_P5
1237_Z2SFTS_1,partial_P7
1238_Z2SFTS_1,partial_P5
1239_Z2SFTS_1,partial_P5
1240_Z2SFTS_1,partial_P5
1241_Z2SFTS_1,partial_P5
1242_Z2SFTS_1,partial_P7
1243_Z2SFTS_1,partial_P7
1244_Z2SFTS_1,partial_P5
1246_Z2SFTS_1,partial_P7
1247_Z2SFTS_1,partial_P5
1249_Z2SFTS_1,partial_P5
1250_Z2SFTS_1,partial_P5
1251_Z2SFTS_1,partial_P5
1252_Z2SFTS_1,partial_P7
1254_Z2SFTS_1,partial_P5
1255_Z2SFTS_1,partial_P7
1256_Z2SFTS_1,partial_P5
1257_Z2SFTS_1,partial_P5
1258_Z2SFTS_1,partial_P5
1259_Z2SFTS_1,partial_P5
1260_Z2SFTS_1,partial_P5
1263_Z2SFTS_1,partial_P5
1264_Z2SFTS_1,partial_P5
1265_Z2SFTS_1,partial_P5
1266_Z2SFTS_1,partial_P7
1267_Z2SFTS_1,partial_P7
1268_Z2SFTS_1,partial_P5
1269_Z2SFTS_1,partial_P5
1270_Z2SFTS_1,partial_P5
1271_Z2SFTS_1,partial_P5
1272_Z2SFTS_1,partial_P5
1273_Z2SFTS_1,partial_P5
1274_Z2SFTS_1,partial_P5
1275_Z2SFTS_1,partial_P5
1276_Z2SFTS_1,partial_P5
1277_Z2SFTS_1,partial_P5
1278_Z2SFTS_1,partial_P5
1279_Z2SFTS_1,partial_P5
1280_Z2SFTS_1,partial_P5
1281_Z2SFTS_1,partial_P5
1283_Z2SFTS_1,partial_P7
1284_Z2SFTS_1,partial_P5
1285_Z2SFTS_1,partial_P5
1286_Z2SFTS_1,partial_P5
1287_Z2SFTS_1,partial_P5
1289_Z2SFTS_1,partial_P7
1290_Z2SFTS_1,partial_P5
1291_Z2SFTS_1,partial_P7
1294_Z2SFTS_1,partial_P5
1295_Z2SFTS_1,partial_P5
1296_Z2SFTS_1,partial_P5
1297_Z2SFTS_1,partial_P7
1298_Z2SFTS_1,partial_P5
1299_Z2SFTS_1,partial_P5
1300_Z2SFTS_1,partial_P5
1301_Z2SFTS_1,partial_P5
1302_Z2SFTS_1,partial_P5
1304_Z2SFTS_1,partial_P5
1305_Z2SFTS_1,partial_P5
1306_Z2SFTS_1,partial_P5
1307_Z2SFTS_1,partial_P5
1308_Z2SFTS_1,partial_P5
1309_Z2SFTS_1,partial_P7
1310_Z2SFTS_1,partial_P5
1311_Z2SFTS_1,partial_P5
1313_Z2SFTS_1,partial_P5
1314_Z2SFTS_1,partial_P5
1315_Z2SFTS_1,partial_P7
1316_Z2SFTS_1,partial_P5
1317_Z2SFTS_1,partial_P5
1319_Z2SFTS_1,partial_P5
1320_Z2SFTS_1,partial_P7
1322_Z2SFTS_1,partial_P5
1323_Z2SFTS_1,partial_P7
1324_Z2SFTS_1,partial_P5
1325_Z2SFTS_1,partial_P5
1326_Z2SFTS_1,partial_P5
1328_Z2SFTS_1,partial_P5
1329_Z2SFTS_1,partial_P5
1330_Z2SFTS_1,partial_P5
1331_Z2SFTS_1,partial_P5
1332_Z2SFTS_1,partial_P5
1334_Z2SFTS_1,partial_P5
1335_Z2SFTS_1,partial_P5
1336_Z2SFTS_1,partial_P5
1337_Z2SFTS_1,both_partial
1338_Z2SFTS_1,partial_P5
1339_Z2SFTS_1,partial_P5
1340_Z2SFTS_1,partial_P5
1341_Z2SFTS_1,partial_P5
1343_Z2SFTS_1,partial_P5
1345_Z2SFTS_1,partial_P5
1346_Z2SFTS_1,partial_P5
1347_Z2SFTS_1,partial_P5
1348_Z2SFTS_1,partial_P5
1349_Z2SFTS_1,partial_P7
1350_Z2SFTS_1,partial_P5
1352_Z2SFTS_1,partial_P7
1353_Z2SFTS_1,partial_P7
1355_Z2SFTS_1,partial_P7
1356_Z2SFTS_1,partial_P5
1357_Z2SFTS_1,partial_P5
1358_Z2SFTS_1,partial_P5
1360_Z2SFTS_1,partial_P5
1361_Z2SFTS_1,partial_P5
1362_Z2SFTS_1,partial_P5
1363_Z2SFTS_1,partial_P7
1364_Z2SFTS_1,partial_P5
1367_Z2SFTS_1,both_partial
1368_Z2SFTS_1,partial_P5
1369_Z2SFTS_1,partial_P7
1370_Z2SFTS_1,partial_P5
1371_Z2SFTS_1,partial_P5
1372_Z2SFTS_1,partial_P5
1373_Z2SFTS_1,partial_P5
1374_Z2SFTS_1,partial_P5
1375_Z2SFTS_1,partial_P7
1376_Z2SFTS_1,partial_P5
1377_Z2SFTS_1,partial_P5
1378_Z2SFTS_1,partial_P7
1379_Z2SFTS_1,partial_P5
1380_Z2SFTS_1,partial_P5
1381_Z2SFTS_1,partial_P5
1382_Z2SFTS_1,partial_P5
1383_Z2SFTS_1,partial_P5
1384_Z2SFTS_1,partial_P5
1385_Z2SFTS_1,partial_P5
1386_Z2SFTS_1,partial_P7
1387_Z2SFTS_1,partial_P5
1389_Z2SFTS_1,partial_P7
1391_Z2SFTS_1,partial_P5
1392_Z2SFTS_1,partial_P7
1393_Z2SFTS_1,partial_P5
1394_Z2SFTS_1,partial_P7
1395_Z2SFTS_1,partial_P5
1396_Z2SFTS_1,partial_P5
1397_Z2SFTS_1,partial_P7
1398_Z2SFTS_1,partial_P5
1399_Z2SFTS_1,partial_P5
1400_Z2SFTS_1,partial_P5
1401_Z2SFTS_1,partial_P5
1402_Z2SFTS_1,partial_P5
1403_Z2SFTS_1,partial_P5
1404_Z2SFTS_1,partial_P5
1405_Z2SFTS_1,partial_P5
1406_Z2SFTS_1,partial_P5
1407_Z2SFTS_1,partial_P7
1408_Z2SFTS_1,partial_P5
1409_Z2SFTS_1,partial_P5
1410_Z2SFTS_1,partial_P5
1411_Z2SFTS_1,partial_P5
1412_Z2SFTS_1,partial_P5
1413_Z2SFTS_1,partial_P5
1414_Z2SFTS_1,partial_P7
1415_Z2SFTS_1,partial_P5
1416_Z2SFTS_1,partial_P5
1417_Z2SFTS_1,partial_P7
1418_Z2SFTS_1,partial_P5
1419_Z2SFTS_1,partial_P7
1420_Z2SFTS_1,partial_P5
1421_Z2SFTS_1,partial_P5
1422_Z2SFTS_1,partial_P5
1423_Z2SFTS_1,partial_P7
1424_Z2SFTS_1,partial_P5
1426_Z2SFTS_1,partial_P7
1427_Z2SFTS_1,partial_P5
1429_Z2SFTS_1,partial_P5
1430_Z2SFTS_1,partial_P7
1432_Z2SFTS_1,partial_P5
1435_Z2SFTS_1,partial_P5
1436_Z2SFTS_1,partial_P5
1437_Z2SFTS_1,partial_P5
1438_Z2SFTS_1,partial_P7
1439_Z2SFTS_1,partial_P5
1440_Z2SFTS_1,partial_P5
1441_Z2SFTS_1,partial_P5
1442_Z2SFTS_1,partial_P5
1443_Z2SFTS_1,partial_P7
1444_Z2SFTS_1,partial_P7
1445_Z2SFTS_1,partial_P5
1446_Z2SFTS_1,partial_P5
1448_Z2SFTS_1,partial_P5
1449_Z2SFTS_1,partial_P5
1450_Z2SFTS_1,partial_P7
1451_Z2SFTS_1,partial_P5
1452_Z2SFTS_1,partial_P7
1453_Z2SFTS_1,partial_P5
1454_Z2SFTS_1,partial_P5
1455_Z2SFTS_1,partial_P5
1456_Z2SFTS_1,partial_P5
1458_Z2SFTS_1,partial_P5
1459_Z2SFTS_1,partial_P5
1460_Z2SFTS_1,partial_P5
1461_Z2SFTS_1,partial_P5
1463_Z2SFTS_1,partial_P5
1464_Z2SFTS_1,partial_P5
1465_Z2SFTS_1,partial_P7
1466_Z2SFTS_1,partial_P5
1467_Z2SFTS_1,partial_P5
1468_Z2SFTS_1,partial_P7
1469_Z2SFTS_1,partial_P7
1470_Z2SFTS_1,partial_P5
1471_Z2SFTS_1,partial_P5
1473_Z2SFTS_1,partial_P5
1474_Z2SFTS_1,partial_P5
1475_Z2SFTS_1,partial_P5
1476_Z2SFTS_1,partial_P7
1477_Z2SFTS_1,partial_P5
1479_Z2SFTS_1,partial_P5
1480_Z2SFTS_1,partial_P7
1482_Z2SFTS_1,partial_P5
1484_Z2SFTS_1,partial_P5
1485_Z2SFTS_1,partial_P5
1486_Z2SFTS_1,partial_P5
1487_Z2SFTS_1,partial_P5
1488_Z2SFTS_1,partial_P5
1489_Z2SFTS_1,partial_P5
1490_Z2SFTS_1,partial_P5
1491_Z2SFTS_1,partial_P5
1492_Z2SFTS_1,partial_P5
1493_Z2SFTS_1,partial_P5
1494_Z2SFTS_1,partial_P5
1495_Z2SFTS_1,partial_P7
1498_Z2SFTS_1,partial_P5
1499_Z2SFTS_1,partial_P5
1501_Z2SFTS_1,partial_P7
1502_Z2SFTS_1,partial_P5
1503_Z2SFTS_1,partial_P5
1504_Z2SFTS_1,partial_P7
1505_Z2SFTS_1,partial_P5
1506_Z2SFTS_1,partial_P5
1507_Z2SFTS_1,partial_P5
1508_Z2SFTS_1,partial_P5
1509_Z2SFTS_1,partial_P5
1510_Z2SFTS_1,partial_P5
1511_Z2SFTS_1,partial_P5
1513_Z2SFTS_1,partial_P5
1514_Z2SFTS_1,partial_P5
1515_Z2SFTS_1,partial_P5
1516_Z2SFTS_1,partial_P5
1517_Z2SFTS_1,partial_P5
1518_Z2SFTS_1,partial_P5
1519_Z2SFTS_1,partial_P5
1521_Z2SFTS_1,partial_P5
1522_Z2SFTS_1,partial_P5
1523_Z2SFTS_1,partial_P7
1524_Z2SFTS_1,partial_P5
1525_Z2SFTS_1,partial_P5
1526_Z2SFTS_1,partial_P5
1527_Z2SFTS_1,partial_P5
1528_Z2SFTS_1,partial_P5
1529_Z2SFTS_1,partial_P5
1530_Z2SFTS_1,partial_P5
1531_Z2SFTS_1,partial_P5
1533_Z2SFTS_1,partial_P5
1534_Z2SFTS_1,partial_P5
1535_Z2SFTS_1,partial_P7
1536_Z2SFTS_1,partial_P5
1537_Z2SFTS_1,partial_P5
1538_Z2SFTS_1,partial_P5
1539_Z2SFTS_1,partial_P7
1540_Z2SFTS_1,partial_P5
1541_Z2SFTS_1,partial_P5
1542_Z2SFTS_1,partial_P5
1545_Z2SFTS_1,partial_P7
1546_Z2SFTS_1,partial_P5
1547_Z2SFTS_1,partial_P5
1548_Z2SFTS_1,partial_P5
1549_Z2SFTS_1,partial_P5
1550_Z2SFTS_1,partial_P7
1551_Z2SFTS_1,partial_P5
1552_Z2SFTS_1,both_partial
1553_Z2SFTS_1,partial_P5
1555_Z2SFTS_1,partial_P7
1556_Z2SFTS_1,partial_P5
1557_Z2SFTS_1,partial_P5
1558_Z2SFTS_1,partial_P7
1559_Z2SFTS_1,partial_P7
1560_Z2SFTS_1,partial_P5
1561_Z2SFTS_1,partial_P5
1562_Z2SFTS_1,partial_P5
1563_Z2SFTS_1,partial_P5
1564_Z2SFTS_1,partial_P5
1565_Z2SFTS_1,partial_P5
1566_Z2SFTS_1,partial_P5
1567_Z2SFTS_1,partial_P5
1568_Z2SFTS_1,partial_P5
1569_Z2SFTS_1,partial_P7
1571_Z2SFTS_1,partial_P5
1572_Z2SFTS_1,partial_P7
1573_Z2SFTS_1,partial_P5
1574_Z2SFTS_1,partial_P5
1576_Z2SFTS_1,partial_P5
1577_Z2SFTS_1,partial_P5
1578_Z2SFTS_1,partial_P5
1579_Z2SFTS_1,partial_P5
1580_Z2SFTS_1,partial_P5
1581_Z2SFTS_1,partial_P5
1582_Z2SFTS_1,partial_P5
1583_Z2SFTS_1,partial_P5
1584_Z2SFTS_1,partial_P5
1585_Z2SFTS_1,partial_P5
1586_Z2SFTS_1,partial_P5
1587_Z2SFTS_1,partial_P5
1588_Z2SFTS_1,partial_P5
1589_Z2SFTS_1,partial_P5
1590_Z2SFTS_1,partial_P5
1591_Z2SFTS_1,partial_P5
1593_Z2SFTS_1,partial_P5
1595_Z2SFTS_1,partial_P5
1597_Z2SFTS_1,partial_P5
1599_Z2SFTS_1,partial_P5
1601_Z2SFTS_1,partial_P7
1602_Z2SFTS_1,partial_P5
1604_Z2SFTS_1,partial_P7
1605_Z2SFTS_1,partial_P7
1606_Z2SFTS_1,partial_P5
1608_Z2SFTS_1,partial_P5
1609_Z2SFTS_1,partial_P7
1611_Z2SFTS_1,partial_P5
1612_Z2SFTS_1,partial_P7
1613_Z2SFTS_1,partial_P5
1614_Z2SFTS_1,partial_P5
1615_Z2SFTS_1,partial_P5
1616_Z2SFTS_1,partial_P7
1617_Z2SFTS_1,partial_P5
1618_Z2SFTS_1,partial_P5
1619_Z2SFTS_1,partial_P5
1620_Z2SFTS_1,partial_P5
1621_Z2SFTS_1,partial_P7
1622_Z2SFTS_1,partial_P5
1623_Z2SFTS_1,partial_P5
1624_Z2SFTS_1,partial_P7
1625_Z2SFTS_1,partial_P5
1627_Z2SFTS_1,partial_P5
1629_Z2SFTS_1,partial_P7
1630_Z2SFTS_1,partial_P5
1631_Z2SFTS_1,partial_P5
1632_Z2SFTS_1,partial_P5
1635_Z2SFTS_1,partial_P7
1637_Z2SFTS_1,partial_P5
1638_Z2SFTS_1,partial_P5
1640_Z2SFTS_1,partial_P7
1641_Z2SFTS_1,partial_P5
1642_Z2SFTS_1,partial_P5
1643_Z2SFTS_1,partial_P5
1644_Z2SFTS_1,partial_P5
1645_Z2SFTS_1,partial_P5
1646_Z2SFTS_1,partial_P5
1647_Z2SFTS_1,partial_P5
1648_Z2SFTS_1,partial_P5
1649_Z2SFTS_1,partial_P7
1650_Z2SFTS_1,partial_P5
1651_Z2SFTS_1,partial_P5
1652_Z2SFTS_1,partial_P5
1654_Z2SFTS_1,partial_P5
1655_Z2SFTS_1,partial_P7
1656_Z2SFTS_1,partial_P7
1657_Z2SFTS_1,partial_P7
1658_Z2SFTS_1,partial_P5
1659_Z2SFTS_1,partial_P5
1660_Z2SFTS_1,partial_P7
1662_Z2SFTS_1,partial_P5
1663_Z2SFTS_1,partial_P5
1665_Z2SFTS_1,partial_P5
1666_Z2SFTS_1,partial_P5
1667_Z2SFTS_1,partial_P7
1668_Z2SFTS_1,partial_P5
1669_Z2SFTS_1,partial_P5
1670_Z2SFTS_1,partial_P5
1671_Z2SFTS_1,partial_P7
1672_Z2SFTS_1,partial_P5
1673_Z2SFTS_1,partial_P5
1675_Z2SFTS_1,partial_P5
1676_Z2SFTS_1,both_partial
1677_Z2SFTS_1,partial_P5
1678_Z2SFTS_1,partial_P5
1679_Z2SFTS_1,partial_P5
1680_Z2SFTS_1,partial_P7
1681_Z2SFTS_1,partial_P5
1682_Z2SFTS_1,partial_P5
1684_Z2SFTS_1,partial_P5
1685_Z2SFTS_1,partial_P5
1686_Z2SFTS_1,both_partial
1687_Z2SFTS_1,partial_P5
1688_Z2SFTS_1,partial_P5
1689_Z2SFTS_1,partial_P5
1690_Z2SFTS_1,partial_P7
1693_Z2SFTS_1,partial_P5
1694_Z2SFTS_1,partial_P5
1695_Z2SFTS_1,partial_P5
1696_Z2SFTS_1,partial_P5
1697_Z2SFTS_1,partial_P5
1698_Z2SFTS_1,partial_P5
1699_Z2SFTS_1,partial_P5
1701_Z2SFTS_1,partial_P7
1703_Z2SFTS_1,partial_P7
1704_Z2SFTS_1,partial_P5
1705_Z2SFTS_1,partial_P7
1707_Z2SFTS_1,partial_P5
1709_Z2SFTS_1,partial_P5
1710_Z2SFTS_1,partial_P5
1711_Z2SFTS_1,partial_P7
1712_Z2SFTS_1,partial_P7
1713_Z2SFTS_1,partial_P5
1715_Z2SFTS_1,partial_P5
1716_Z2SFTS_1,partial_P5
1717_Z2SFTS_1,partial_P7
1718_Z2SFTS_1,partial_P5
1719_Z2SFTS_1,partial_P7
1720_Z2SFTS_1,partial_P5
1721_Z2SFTS_1,partial_P5
1722_Z2SFTS_1,partial_P7
1723_Z2SFTS_1,partial_P7
1724_Z2SFTS_1,partial_P5
1726_Z2SFTS_1,partial_P5
1728_Z2SFTS_1,partial_P5
1729_Z2SFTS_1,partial_P5
1731_Z2SFTS_1,partial_P5
1732_Z2SFTS_1,partial_P5
1734_Z2SFTS_1,partial_P5
1735_Z2SFTS_1,partial_P5
1736_Z2SFTS_1,partial_P5
1737_Z2SFTS_1,partial_P5
1738_Z2SFTS_1,partial_P5
1739_Z2SFTS_1,partial_P5
1740_Z2SFTS_1,partial_P5
1741_Z2SFTS_1,partial_P5
1742_Z2SFTS_1,partial_P5
1744_Z2SFTS_1,partial_P5
1745_Z2SFTS_1,partial_P5
1746_Z2SFTS_1,partial_P5
1748_Z2SFTS_1,both_partial
1749_Z2SFTS_1,partial_P5
1751_Z2SFTS_1,partial_P5
1752_Z2SFTS_1,partial_P5
1753_Z2SFTS_1,partial_P5
1754_Z2SFTS_1,partial_P7
1755_Z2SFTS_1,partial_P5
1756_Z2SFTS_1,partial_P7
1757_Z2SFTS_1,partial_P5
1758_Z2SFTS_1,partial_P7
1759_Z2SFTS_1,partial_P7
1760_Z2SFTS_1,partial_P5
1761_Z2SFTS_1,partial_P5
1762_Z2SFTS_1,partial_P5
1763_Z2SFTS_1,partial_P5
1764_Z2SFTS_1,partial_P7
1765_Z2SFTS_1,partial_P5
1766_Z2SFTS_1,partial_P7
1767_Z2SFTS_1,partial_P5
1768_Z2SFTS_1,partial_P5
1769_Z2SFTS_1,partial_P5
1770_Z2SFTS_1,partial_P7
1772_Z2SFTS_1,partial_P5
1773_Z2SFTS_1,partial_P5
1774_Z2SFTS_1,partial_P5
1776_Z2SFTS_1,partial_P7
1777_Z2SFTS_1,partial_P7
1778_Z2SFTS_1,partial_P5
1779_Z2SFTS_1,partial_P5
1780_Z2SFTS_1,partial_P5
1781_Z2SFTS_1,partial_P5
1782_Z2SFTS_1,partial_P5
1783_Z2SFTS_1,partial_P5
1784_Z2SFTS_1,partial_P5
1785_Z2SFTS_1,partial_P5
1786_Z2SFTS_1,partial_P7
1787_Z2SFTS_1,partial_P5
1788_Z2SFTS_1,partial_P5
1789_Z2SFTS_1,partial_P5
1790_Z2SFTS_1,partial_P5
1791_Z2SFTS_1,partial_P5
1792_Z2SFTS_1,partial_P7
1793_Z2SFTS_1,partial_P5
1794_Z2SFTS_1,partial_P5
1795_Z2SFTS_1,partial_P5
1796_Z2SFTS_1,partial_P5
1797_Z2SFTS_1,partial_P5
1798_Z2SFTS_1,partial_P5
1801_Z2SFTS_1,partial_P7
1802_Z2SFTS_1,partial_P5
1803_Z2SFTS_1,partial_P5
1805_Z2SFTS_1,partial_P5
1806_Z2SFTS_1,partial_P7
1807_Z2SFTS_1,partial_P5
1808_Z2SFTS_1,partial_P5
1811_Z2SFTS_1,partial_P5
1812_Z2SFTS_1,partial_P7
1813_Z2SFTS_1,partial_P5
1815_Z2SFTS_1,partial_P5
1817_Z2SFTS_1,partial_P5
1818_Z2SFTS_1,partial_P5
1820_Z2SFTS_1,partial_P5
1822_Z2SFTS_1,partial_P7
1823_Z2SFTS_1,partial_P5
1824_Z2SFTS_1,partial_P5
1825_Z2SFTS_1,partial_P5
1826_Z2SFTS_1,partial_P5
1827_Z2SFTS_1,partial_P5
1828_Z2SFTS_1,partial_P5
1829_Z2SFTS_1,partial_P5
1830_Z2SFTS_1,partial_P5
1832_Z2SFTS_1,partial_P5
1833_Z2SFTS_1,partial_P5
1834_Z2SFTS_1,partial_P7
1835_Z2SFTS_1,partial_P5
1836_Z2SFTS_1,partial_P5
1837_Z2SFTS_1,partial_P7
1839_Z2SFTS_1,partial_P7
1840_Z2SFTS_1,partial_P7
1841_Z2SFTS_1,partial_P7
1843_Z2SFTS_1,partial_P5
1844_Z2SFTS_1,partial_P7
1846_Z2SFTS_1,partial_P5
1848_Z2SFTS_1,partial_P7
1849_Z2SFTS_1,partial_P5
1852_Z2SFTS_1,both_partial
1855_Z2SFTS_1,partial_P5
1856_Z2SFTS_1,partial_P5
1857_Z2SFTS_1,partial_P5
1859_Z2SFTS_1,partial_P5
1860_Z2SFTS_1,partial_P5
1861_Z2SFTS_1,partial_P5
1862_Z2SFTS_1,partial_P5
1863_Z2SFTS_1,partial_P5
1864_Z2SFTS_1,partial_P5
1865_Z2SFTS_1,partial_P5
1866_Z2SFTS_1,partial_P7
1867_Z2SFTS_1,partial_P5
1868_Z2SFTS_1,partial_P5
1870_Z2SFTS_1,partial_P5
1871_Z2SFTS_1,partial_P5
1872_Z2SFTS_1,partial_P5
1873_Z2SFTS_1,partial_P5
1874_Z2SFTS_1,partial_P5
1875_Z2SFTS_1,partial_P5
1876_Z2SFTS_1,partial_P5
1877_Z2SFTS_1,partial_P7
1878_Z2SFTS_1,partial_P5
1879_Z2SFTS_1,partial_P7
1880_Z2SFTS_1,partial_P7
1881_Z2SFTS_1,partial_P5
1882_Z2SFTS_1,partial_P7
1883_Z2SFTS_1,partial_P5
1885_Z2SFTS_1,partial_P5
1886_Z2SFTS_1,partial_P5
1888_Z2SFTS_1,partial_P7
1889_Z2SFTS_1,partial_P5
1890_Z2SFTS_1,partial_P7
1891_Z2SFTS_1,partial_P5
1892_Z2SFTS_1,partial_P5
1893_Z2SFTS_1,partial_P5
1894_Z2SFTS_1,partial_P5
1895_Z2SFTS_1,partial_P5
1896_Z2SFTS_1,partial_P5
1897_Z2SFTS_1,partial_P5
1899_Z2SFTS_1,partial_P5
1901_Z2SFTS_1,partial_P5
1902_Z2SFTS_1,partial_P5
1903_Z2SFTS_1,partial_P7
1906_Z2SFTS_1,partial_P5
1907_Z2SFTS_1,partial_P7
1909_Z2SFTS_1,partial_P5
1912_Z2SFTS_1,partial_P5
1913_Z2SFTS_1,partial_P5
1914_Z2SFTS_1,partial_P5
1915_Z2SFTS_1,partial_P5
1916_Z2SFTS_1,partial_P7
1917_Z2SFTS_1,partial_P7
1918_Z2SFTS_1,partial_P5
1919_Z2SFTS_1,partial_P5
1921_Z2SFTS_1,partial_P7
1922_Z2SFTS_1,partial_P5
1926_Z2SFTS_1,partial_P5
1927_Z2SFTS_1,partial_P5
1928_Z2SFTS_1,partial_P7
1929_Z2SFTS_1,partial_P5
1930_Z2SFTS_1,partial_P5
1931_Z2SFTS_1,partial_P5
1934_Z2SFTS_1,partial_P5
1935_Z2SFTS_1,partial_P7
1936_Z2SFTS_1,partial_P5
1938_Z2SFTS_1,partial_P5
1939_Z2SFTS_1,partial_P5
1940_Z2SFTS_1,partial_P7
1943_Z2SFTS_1,partial_P5
1944_Z2SFTS_1,partial_P5
1945_Z2SFTS_1,partial_P5
1946_Z2SFTS_1,partial_P7
1948_Z2SFTS_1,partial_P5
1949_Z2SFTS_1,partial_P5
1951_Z2SFTS_1,partial_P5
1952_Z2SFTS_1,partial_P5
1953_Z2SFTS_1,partial_P5
1954_Z2SFTS_1,partial_P5
1955_Z2SFTS_1,partial_P5
1956_Z2SFTS_1,partial_P7
1958_Z2SFTS_1,partial_P5
1959_Z2SFTS_1,partial_P5
1960_Z2SFTS_1,partial_P5
1961_Z2SFTS_1,partial_P5
1962_Z2SFTS_1,partial_P7
1963_Z2SFTS_1,partial_P5
1964_Z2SFTS_1,partial_P5
1965_Z2SFTS_1,partial_P5
1966_Z2SFTS_1,partial_P7
1967_Z2SFTS_1,partial_P5
1968_Z2SFTS_1,partial_P5
1969_Z2SFTS_1,partial_P5
1970_Z2SFTS_1,partial_P7
1971_Z2SFTS_1,partial_P5
1972_Z2SFTS_1,partial_P7
1973_Z2SFTS_1,partial_P5
1974_Z2SFTS_1,partial_P7
1975_Z2SFTS_1,partial_P5
1976_Z2SFTS_1,partial_P5
1977_Z2SFTS_1,partial_P7
1978_Z2SFTS_1,partial_P5
1979_Z2SFTS_1,partial_P7
1980_Z2SFTS_1,partial_P5
1981_Z2SFTS_1,partial_P5
1982_Z2SFTS_1,partial_P5
1983_Z2SFTS_1,partial_P5
1984_Z2SFTS_1,partial_P7
1985_Z2SFTS_1,partial_P5
1986_Z2SFTS_1,partial_P5
1987_Z2SFTS_1,partial_P5
1989_Z2SFTS_1,partial_P5
1991_Z2SFTS_1,partial_P5
1992_Z2SFTS_1,partial_P5
1995_Z2SFTS_1,partial_P5
1996_Z2SFTS_1,partial_P7
1997_Z2SFTS_1,partial_P5
1998_Z2SFTS_1,partial_P5
2000_Z2SFTS_1,partial_P5
2001_Z2SFTS_1,partial_P5
2002_Z2SFTS_1,partial_P7
2003_Z2SFTS_1,partial_P5
2004_Z2SFTS_1,partial_P5
2005_Z2SFTS_1,partial_P5
2006_Z2SFTS_1,partial_P5
2007_Z2SFTS_1,partial_P7
2008_Z2SFTS_1,partial_P5
2009_Z2SFTS_1,partial_P5
2010_Z2SFTS_1,partial_P5
2011_Z2SFTS_1,partial_P5
2013_Z2SFTS_1,partial_P5
2014_Z2SFTS_1,partial_P5
2015_Z2SFTS_1,partial_P7
2016_Z2SFTS_1,partial_P5
2017_Z2SFTS_1,partial_P7
2018_Z2SFTS_1,partial_P5
2019_Z2SFTS_1,both_partial
2021_Z2SFTS_1,partial_P7
2022_Z2SFTS_1,partial_P5
2023_Z2SFTS_1,partial_P5
2024_Z2SFTS_1,partial_P5
2025_Z2SFTS_1,partial_P7
2027_Z2SFTS_1,partial_P5
2029_Z2SFTS_1,partial_P5
2030_Z2SFTS_1,partial_P5
2031_Z2SFTS_1,partial_P7
2032_Z2SFTS_1,partial_P5
2033_Z2SFTS_1,partial_P5
2034_Z2SFTS_1,partial_P5
2035_Z2SFTS_1,partial_P5
2036_Z2SFTS_1,partial_P5
2037_Z2SFTS_1,partial_P7
2038_Z2SFTS_1,partial_P5
2039_Z2SFTS_1,partial_P5
2040_Z2SFTS_1,partial_P5
2041_Z2SFTS_1,partial_P5
2042_Z2SFTS_1,partial_P7
2043_Z2SFTS_1,partial_P5
2046_Z2SFTS_1,partial_P5
2047_Z2SFTS_1,partial_P5
2048_Z2SFTS_1,partial_P5
2049_Z2SFTS_1,partial_P5
2050_Z2SFTS_1,partial_P5
2051_Z2SFTS_1,partial_P5
2052_Z2SFTS_1,partial_P5
2053_Z2SFTS_1,partial_P5
2055_Z2SFTS_1,partial_P7
2056_Z2SFTS_1,partial_P5
2057_Z2SFTS_1,partial_P5
2058_Z2SFTS_1,partial_P7
2059_Z2SFTS_1,partial_P7
2060_Z2SFTS_1,partial_P5
2061_Z2SFTS_1,partial_P7
2062_Z2SFTS_1,partial_P5
2063_Z2SFTS_1,partial_P5
2064_Z2SFTS_1,partial_P5
2066_Z2SFTS_1,partial_P7
2067_Z2SFTS_1,partial_P5
2068_Z2SFTS_1,partial_P5
2069_Z2SFTS_1,partial_P5
2070_Z2SFTS_1,partial_P7
2071_Z2SFTS_1,partial_P5
2072_Z2SFTS_1,partial_P5
2073_Z2SFTS_1,partial_P5
2076_Z2SFTS_1,partial_P5
2077_Z2SFTS_1,partial_P5
2078_Z2SFTS_1,partial_P5
2079_Z2SFTS_1,partial_P5
2080_Z2SFTS_1,partial_P7
2081_Z2SFTS_1,partial_P7
2085_Z2SFTS_1,partial_P5
2086_Z2SFTS_1,partial_P5
2087_Z2SFTS_1,partial_P5
2089_Z2SFTS_1,partial_P5
2090_Z2SFTS_1,partial_P5
2091_Z2SFTS_1,partial_P5
2092_Z2SFTS_1,partial_P5
2093_Z2SFTS_1,partial_P5
2094_Z2SFTS_1,partial_P5
2095_Z2SFTS_1,partial_P7
2096_Z2SFTS_1,partial_P5
2098_Z2SFTS_1,partial_P5
2099_Z2SFTS_1,partial_P5
2100_Z2SFTS_1,partial_P7
2101_Z2SFTS_1,partial_P5
2102_Z2SFTS_1,partial_P5
2103_Z2SFTS_1,partial_P7
2104_Z2SFTS_1,partial_P5
2105_Z2SFTS_1,partial_P5
2107_Z2SFTS_1,partial_P5
2108_Z2SFTS_1,partial_P5
2109_Z2SFTS_1,partial_P7
2110_Z2SFTS_1,partial_P5
2111_Z2SFTS_1,partial_P7
2112_Z2SFTS_1,partial_P5
2113_Z2SFTS_1,partial_P5
2115_Z2SFTS_1,partial_P5
2116_Z2SFTS_1,partial_P5
2117_Z2SFTS_1,partial_P5
2119_Z2SFTS_1,partial_P5
2120_Z2SFTS_1,partial_P5
2121_Z2SFTS_1,partial_P7
2122_Z2SFTS_1,partial_P5
2123_Z2SFTS_1,partial_P5
2124_Z2SFTS_1,both_partial
2125_Z2SFTS_1,partial_P5
2127_Z2SFTS_1,partial_P7
2128_Z2SFTS_1,partial_P5
2129_Z2SFTS_1,partial_P5
2130_Z2SFTS_1,partial_P5
2132_Z2SFTS_1,partial_P5
2133_Z2SFTS_1,partial_P5
2134_Z2SFTS_1,partial_P5
2135_Z2SFTS_1,partial_P7
2136_Z2SFTS_1,partial_P5
2137_Z2SFTS_1,partial_P5
2138_Z2SFTS_1,partial_P5
2139_Z2SFTS_1,partial_P7
2140_Z2SFTS_1,partial_P5
2143_Z2SFTS_1,partial_P5
2144_Z2SFTS_1,partial_P5
2145_Z2SFTS_1,partial_P5
2146_Z2SFTS_1,partial_P5
2147_Z2SFTS_1,partial_P5
2148_Z2SFTS_1,partial_P5
2150_Z2SFTS_1,partial_P7
2151_Z2SFTS_1,partial_P5
2152_Z2SFTS_1,partial_P5
2153_Z2SFTS_1,partial_P7
2154_Z2SFTS_1,partial_P5
2155_Z2SFTS_1,partial_P5
2156_Z2SFTS_1,partial_P5
2157_Z2SFTS_1,partial_P5
2158_Z2SFTS_1,partial_P7
2159_Z2SFTS_1,partial_P5
2160_Z2SFTS_1,partial_P5
2161_Z2SFTS_1,partial_P7
2162_Z2SFTS_1,partial_P5
2164_Z2SFTS_1,partial_P5
2165_Z2SFTS_1,partial_P5
2166_Z2SFTS_1,partial_P5
2168_Z2SFTS_1,partial_P5
2169_Z2SFTS_1,partial_P5
2171_Z2SFTS_1,partial_P5
2172_Z2SFTS_1,partial_P5
2173_Z2SFTS_1,partial_P5
2174_Z2SFTS_1,partial_P5
2175_Z2SFTS_1,partial_P5
2177_Z2SFTS_1,partial_P5
2178_Z2SFTS_1,partial_P5
2179_Z2SFTS_1,partial_P7
2180_Z2SFTS_1,partial_P7
2181_Z2SFTS_1,partial_P5
2182_Z2SFTS_1,partial_P5
2183_Z2SFTS_1,partial_P5
2185_Z2SFTS_1,partial_P5
2186_Z2SFTS_1,partial_P5
2187_Z2SFTS_1,partial_P5
2188_Z2SFTS_1,partial_P5
2190_Z2SFTS_1,partial_P5
2191_Z2SFTS_1,partial_P5
2192_Z2SFTS_1,partial_P7
2193_Z2SFTS_1,partial_P5
2194_Z2SFTS_1,partial_P5
2195_Z2SFTS_1,partial_P5
2196_Z2SFTS_1,partial_P5
2197_Z2SFTS_1,partial_P5
2198_Z2SFTS_1,partial_P5
2199_Z2SFTS_1,partial_P5
2200_Z2SFTS_1,partial_P5
2201_Z2SFTS_1,partial_P5
2203_Z2SFTS_1,partial_P5
2204_Z2SFTS_1,partial_P5
2205_Z2SFTS_1,partial_P5
2206_Z2SFTS_1,partial_P5
2207_Z2SFTS_1,partial_P5
2208_Z2SFTS_1,partial_P5
2209_Z2SFTS_1,partial_P5
2210_Z2SFTS_1,partial_P7
2211_Z2SFTS_1,partial_P7
2212_Z2SFTS_1,both_partial
2213_Z2SFTS_1,partial_P7
2215_Z2SFTS_1,partial_P7
2216_Z2SFTS_1,partial_P5
2218_Z2SFTS_1,partial_P7
2219_Z2SFTS_1,partial_P5
2221_Z2SFTS_1,partial_P5
2222_Z2SFTS_1,partial_P5
2223_Z2SFTS_1,partial_P5
2224_Z2SFTS_1,partial_P5
2225_Z2SFTS_1,partial_P5
2226_Z2SFTS_1,partial_P5
2228_Z2SFTS_1,partial_P5
2229_Z2SFTS_1,partial_P5
2230_Z2SFTS_1,partial_P5
2232_Z2SFTS_1,partial_P5
2233_Z2SFTS_1,partial_P5
2234_Z2SFTS_1,partial_P5
2235_Z2SFTS_1,partial_P5
2236_Z2SFTS_1,partial_P5
2237_Z2SFTS_1,partial_P5
2238_Z2SFTS_1,partial_P5
2239_Z2SFTS_1,partial_P5
2240_Z2SFTS_1,partial_P5
2241_Z2SFTS_1,partial_P5
2242_Z2SFTS_1,partial_P5
2243_Z2SFTS_1,partial_P5
2245_Z2SFTS_1,partial_P5
2247_Z2SFTS_1,partial_P5
2248_Z2SFTS_1,partial_P5
2249_Z2SFTS_1,partial_P5
2250_Z2SFTS_1,partial_P5
2252_Z2SFTS_1,partial_P5
2253_Z2SFTS_1,partial_P5
2254_Z2SFTS_1,partial_P7
2255_Z2SFTS_1,partial_P5
2256_Z2SFTS_1,partial_P5
2257_Z2SFTS_1,partial_P5
2258_Z2SFTS_1,partial_P5
2259_Z2SFTS_1,partial_P7
2260_Z2SFTS_1,partial_P5
2261_Z2SFTS_1,partial_P5
2262_Z2SFTS_1,partial_P7
2264_Z2SFTS_1,partial_P5
2265_Z2SFTS_1,partial_P5
2266_Z2SFTS_1,partial_P5
2267_Z2SFTS_1,partial_P5
2268_Z2SFTS_1,partial_P7
2269_Z2SFTS_1,partial_P7
2270_Z2SFTS_1,partial_P5
2271_Z2SFTS_1,partial_P5
2272_Z2SFTS_1,partial_P5
2273_Z2SFTS_1,partial_P5
2274_Z2SFTS_1,partial_P7
2275_Z2SFTS_1,partial_P5
2276_Z2SFTS_1,partial_P5
2277_Z2SFTS_1,partial_P7
2279_Z2SFTS_1,partial_P5
2280_Z2SFTS_1,partial_P5
2281_Z2SFTS_1,partial_P7
2282_Z2SFTS_1,partial_P5
2283_Z2SFTS_1,partial_P5
2284_Z2SFTS_1,partial_P5
2285_Z2SFTS_1,partial_P5
2286_Z2SFTS_1,partial_P5
2287_Z2SFTS_1,partial_P5
2288_Z2SFTS_1,partial_P5
2289_Z2SFTS_1,partial_P5
2291_Z2SFTS_1,partial_P7
2292_Z2SFTS_1,partial_P7
2293_Z2SFTS_1,partial_P7
2294_Z2SFTS_1,partial_P5
2295_Z2SFTS_1,partial_P5
2296_Z2SFTS_1,partial_P5
2297_Z2SFTS_1,partial_P5
2298_Z2SFTS_1,partial_P5
2299_Z2SFTS_1,partial_P5
2302_Z2SFTS_1,partial_P5
2304_Z2SFTS_1,partial_P5
2305_Z2SFTS_1,partial_P5
2306_Z2SFTS_1,partial_P5
2307_Z2SFTS_1,partial_P5
2308_Z2SFTS_1,partial_P5
2309_Z2SFTS_1,partial_P5
2310_Z2SFTS_1,partial_P5
2311_Z2SFTS_1,partial_P5
2313_Z2SFTS_1,partial_P5
2314_Z2SFTS_1,partial_P5
2316_Z2SFTS_1,partial_P5
2318_Z2SFTS_1,partial_P5
2319_Z2SFTS_1,partial_P5
2321_Z2SFTS_1,partial_P5
2322_Z2SFTS_1,partial_P5
2323_Z2SFTS_1,partial_P5
2324_Z2SFTS_1,partial_P5
2325_Z2SFTS_1,partial_P5
2326_Z2SFTS_1,partial_P5
2327_Z2SFTS_1,partial_P5
2328_Z2SFTS_1,partial_P7
2329_Z2SFTS_1,partial_P5
2330_Z2SFTS_1,partial_P5
2331_Z2SFTS_1,partial_P5
2332_Z2SFTS_1,partial_P7
2333_Z2SFTS_1,partial_P5
2335_Z2SFTS_1,partial_P5
2336_Z2SFTS_1,partial_P5
2338_Z2SFTS_1,partial_P5
2339_Z2SFTS_1,partial_P7
2340_Z2SFTS_1,partial_P5
2341_Z2SFTS_1,partial_P7
2342_Z2SFTS_1,partial_P5
2343_Z2SFTS_1,partial_P5
2344_Z2SFTS_1,partial_P5
2345_Z2SFTS_1,partial_P5
2346_Z2SFTS_1,partial_P5
2347_Z2SFTS_1,partial_P5
2348_Z2SFTS_1,partial_P5
2352_Z2SFTS_1,partial_P5
2354_Z2SFTS_1,partial_P5
2355_Z2SFTS_1,partial_P5
2357_Z2SFTS_1,partial_P7
2359_Z2SFTS_1,partial_P5
2360_Z2SFTS_1,partial_P5
2361_Z2SFTS_1,partial_P5
2364_Z2SFTS_1,partial_P7
2366_Z2SFTS_1,partial_P7
2370_Z2SFTS_1,partial_P5
2372_Z2SFTS_1,partial_P5
2373_Z2SFTS_1,partial_P7
2375_Z2SFTS_1,partial_P5
2376_Z2SFTS_1,partial_P5
2377_Z2SFTS_1,both_partial
2378_Z2SFTS_1,partial_P7
2379_Z2SFTS_1,partial_P5
2380_Z2SFTS_1,partial_P7
2381_Z2SFTS_1,partial_P5
2382_Z2SFTS_1,partial_P5
2383_Z2SFTS_1,partial_P5
2385_Z2SFTS_1,partial_P7
2386_Z2SFTS_1,partial_P5
2388_Z2SFTS_1,partial_P5
2389_Z2SFTS_1,partial_P5
2390_Z2SFTS_1,partial_P5
2391_Z2SFTS_1,partial_P5
2392_Z2SFTS_1,partial_P7
2393_Z2SFTS_1,partial_P5
2394_Z2SFTS_1,partial_P5
2395_Z2SFTS_1,partial_P7
2396_Z2SFTS_1,partial_P5
2397_Z2SFTS_1,partial_P7
2398_Z2SFTS_1,partial_P7
2400_Z2SFTS_1,partial_P7
2401_Z2SFTS_1,partial_P5
2402_Z2SFTS_1,partial_P5
2404_Z2SFTS_1,partial_P5
2406_Z2SFTS_1,partial_P5
2407_Z2SFTS_1,partial_P5
2408_Z2SFTS_1,partial_P7
2409_Z2SFTS_1,partial_P7
2410_Z2SFTS_1,partial_P5
2411_Z2SFTS_1,partial_P5
2412_Z2SFTS_1,partial_P5
2414_Z2SFTS_1,partial_P5
2415_Z2SFTS_1,partial_P5
2416_Z2SFTS_1,partial_P7
2417_Z2SFTS_1,partial_P5
2420_Z2SFTS_1,partial_P5
2421_Z2SFTS_1,partial_P5
2423_Z2SFTS_1,partial_P7
2424_Z2SFTS_1,partial_P7
2425_Z2SFTS_1,partial_P5
2426_Z2SFTS_1,partial_P5
2428_Z2SFTS_1,partial_P5
2429_Z2SFTS_1,partial_P5
2431_Z2SFTS_1,partial_P5
2432_Z2SFTS_1,partial_P5
2433_Z2SFTS_1,partial_P5
2435_Z2SFTS_1,partial_P5
2436_Z2SFTS_1,partial_P5
2437_Z2SFTS_1,partial_P7
2438_Z2SFTS_1,partial_P5
2439_Z2SFTS_1,partial_P5
2440_Z2SFTS_1,partial_P5
2442_Z2SFTS_1,partial_P5
2443_Z2SFTS_1,partial_P5
2445_Z2SFTS_1,partial_P5
2446_Z2SFTS_1,partial_P5
2447_Z2SFTS_1,partial_P5
2448_Z2SFTS_1,partial_P5
2449_Z2SFTS_1,partial_P5
2450_Z2SFTS_1,partial_P7
2451_Z2SFTS_1,partial_P5
2452_Z2SFTS_1,partial_P5
2453_Z2SFTS_1,partial_P7
2454_Z2SFTS_1,partial_P7
2455_Z2SFTS_1,partial_P5
2457_Z2SFTS_1,partial_P7
2458_Z2SFTS_1,partial_P7
2459_Z2SFTS_1,partial_P5
2461_Z2SFTS_1,partial_P5
2462_Z2SFTS_1,partial_P5
2463_Z2SFTS_1,partial_P5
2464_Z2SFTS_1,partial_P5
2465_Z2SFTS_1,partial_P5
2467_Z2SFTS_1,partial_P5
2468_Z2SFTS_1,partial_P5
2469_Z2SFTS_1,partial_P7
2470_Z2SFTS_1,partial_P5
2471_Z2SFTS_1,partial_P5
2473_Z2SFTS_1,partial_P5
2474_Z2SFTS_1,partial_P5
2475_Z2SFTS_1,partial_P5
2476_Z2SFTS_1,partial_P7
2477_Z2SFTS_1,partial_P5
2478_Z2SFTS_1,partial_P5
2479_Z2SFTS_1,partial_P5
2481_Z2SFTS_1,partial_P7
2482_Z2SFTS_1,partial_P7
2483_Z2SFTS_1,partial_P5
2484_Z2SFTS_1,partial_P5
2485_Z2SFTS_1,partial_P5
2486_Z2SFTS_1,partial_P5
2487_Z2SFTS_1,partial_P5
2488_Z2SFTS_1,partial_P5
2489_Z2SFTS_1,partial_P5
2490_Z2SFTS_1,partial_P7
2491_Z2SFTS_1,partial_P7
2492_Z2SFTS_1,partial_P5
2494_Z2SFTS_1,partial_P5
2495_Z2SFTS_1,partial_P7
2496_Z2SFTS_1,partial_P5
2497_Z2SFTS_1,partial_P7
2498_Z2SFTS_1,partial_P5
2499_Z2SFTS_1,partial_P5
2500_Z2SFTS_1,partial_P5
2502_Z2SFTS_1,partial_P7
2503_Z2SFTS_1,partial_P5
2504_Z2SFTS_1,partial_P5
2506_Z2SFTS_1,partial_P5
2507_Z2SFTS_1,partial_P5
2508_Z2SFTS_1,partial_P5
2509_Z2SFTS_1,partial_P5
2510_Z2SFTS_1,partial_P7
2511_Z2SFTS_1,partial_P7
2512_Z2SFTS_1,partial_P5
2513_Z2SFTS_1,partial_P5
2515_Z2SFTS_1,partial_P5
2516_Z2SFTS_1,partial_P5
2518_Z2SFTS_1,partial_P7
2519_Z2SFTS_1,partial_P5
2521_Z2SFTS_1,partial_P5
2522_Z2SFTS_1,partial_P5
2524_Z2SFTS_1,both_partial
2525_Z2SFTS_1,partial_P5
2526_Z2SFTS_1,partial_P5
2528_Z2SFTS_1,partial_P5
2529_Z2SFTS_1,partial_P5
2530_Z2SFTS_1,partial_P7
2531_Z2SFTS_1,partial_P7
2532_Z2SFTS_1,partial_P5
2534_Z2SFTS_1,partial_P5
2535_Z2SFTS_1,partial_P5
2536_Z2SFTS_1,partial_P5
2537_Z2SFTS_1,partial_P5
2538_Z2SFTS_1,partial_P7
2540_Z2SFTS_1,partial_P5
2541_Z2SFTS_1,partial_P5
2542_Z2SFTS_1,partial_P5
2543_Z2SFTS_1,partial_P5
2544_Z2SFTS_1,partial_P5
2545_Z2SFTS_1,partial_P5
2546_Z2SFTS_1,partial_P5
2547_Z2SFTS_1,partial_P5
2548_Z2SFTS_1,partial_P5
2549_Z2SFTS_1,partial_P5
2550_Z2SFTS_1,partial_P5
2551_Z2SFTS_1,partial_P5
2552_Z2SFTS_1,partial_P5
2553_Z2SFTS_1,partial_P5
2554_Z2SFTS_1,partial_P5
2556_Z2SFTS_1,partial_P5
2558_Z2SFTS_1,partial_P5
2559_Z2SFTS_1,partial_P5
2560_Z2SFTS_1,partial_P5
2561_Z2SFTS_1,partial_P5
2562_Z2SFTS_1,partial_P7
2563_Z2SFTS_1,partial_P5
2564_Z2SFTS_1,partial_P5
2566_Z2SFTS_1,partial_P5
2567_Z2SFTS_1,partial_P7
2568_Z2SFTS_1,partial_P5
2569_Z2SFTS_1,partial_P5
2570_Z2SFTS_1,partial_P7
2571_Z2SFTS_1,partial_P5
2572_Z2SFTS_1,partial_P5
2573_Z2SFTS_1,partial_P7
2574_Z2SFTS_1,partial_P5
2575_Z2SFTS_1,partial_P7
2577_Z2SFTS_1,partial_P7
2578_Z2SFTS_1,partial_P5
2580_Z2SFTS_1,partial_P7
2583_Z2SFTS_1,partial_P7
2584_Z2SFTS_1,partial_P5
2586_Z2SFTS_1,partial_P5
2587_Z2SFTS_1,partial_P5
2588_Z2SFTS_1,partial_P5
2589_Z2SFTS_1,partial_P5
2590_Z2SFTS_1,partial_P5
2591_Z2SFTS_1,partial_P5
2592_Z2SFTS_1,partial_P5
2593_Z2SFTS_1,partial_P5
2595_Z2SFTS_1,partial_P5
2596_Z2SFTS_1,partial_P5
2597_Z2SFTS_1,partial_P5
2598_Z2SFTS_1,partial_P5
2599_Z2SFTS_1,partial_P5
2600_Z2SFTS_1,partial_P5
2602_Z2SFTS_1,partial_P5
2603_Z2SFTS_1,partial_P7
2604_Z2SFTS_1,partial_P5
2605_Z2SFTS_1,partial_P7
2606_Z2SFTS_1,partial_P5
2608_Z2SFTS_1,partial_P5
2609_Z2SFTS_1,partial_P5
2610_Z2SFTS_1,partial_P5
2611_Z2SFTS_1,partial_P5
2614_Z2SFTS_1,partial_P5
2616_Z2SFTS_1,partial_P5
2619_Z2SFTS_1,partial_P7
2620_Z2SFTS_1,partial_P5
2621_Z2SFTS_1,partial_P5
2622_Z2SFTS_1,partial_P5
2623_Z2SFTS_1,partial_P5
2624_Z2SFTS_1,partial_P5
2626_Z2SFTS_1,partial_P5
2628_Z2SFTS_1,partial_P5
2629_Z2SFTS_1,partial_P5
2630_Z2SFTS_1,partial_P5
2631_Z2SFTS_1,partial_P5
2634_Z2SFTS_1,partial_P7
2636_Z2SFTS_1,partial_P5
2637_Z2SFTS_1,partial_P5
2638_Z2SFTS_1,partial_P5
2639_Z2SFTS_1,partial_P5
2640_Z2SFTS_1,partial_P5
2643_Z2SFTS_1,partial_P5
2644_Z2SFTS_1,partial_P7
2647_Z2SFTS_1,partial_P5
2648_Z2SFTS_1,partial_P5
2649_Z2SFTS_1,partial_P5
2651_Z2SFTS_1,partial_P7
2652_Z2SFTS_1,partial_P5
2656_Z2SFTS_1,partial_P5
2657_Z2SFTS_1,partial_P7
2658_Z2SFTS_1,partial_P7
2659_Z2SFTS_1,partial_P5
2660_Z2SFTS_1,partial_P5
2661_Z2SFTS_1,partial_P5
2662_Z2SFTS_1,partial_P7
2663_Z2SFTS_1,partial_P5
2664_Z2SFTS_1,partial_P5
2665_Z2SFTS_1,partial_P5
2666_Z2SFTS_1,partial_P5
2667_Z2SFTS_1,partial_P5
2668_Z2SFTS_1,partial_P5
2670_Z2SFTS_1,both_partial
2672_Z2SFTS_1,both_partial
2673_Z2SFTS_1,partial_P5
2676_Z2SFTS_1,partial_P7
2677_Z2SFTS_1,partial_P5
2678_Z2SFTS_1,partial_P7
2679_Z2SFTS_1,partial_P7
2680_Z2SFTS_1,partial_P5
2681_Z2SFTS_1,partial_P5
2682_Z2SFTS_1,partial_P5
2685_Z2SFTS_1,partial_P7
2686_Z2SFTS_1,both_partial
2687_Z2SFTS_1,partial_P5
2689_Z2SFTS_1,partial_P7
2691_Z2SFTS_1,partial_P5
2692_Z2SFTS_1,partial_P7
2693_Z2SFTS_1,partial_P7
2695_Z2SFTS_1,partial_P7
2696_Z2SFTS_1,partial_P5
2698_Z2SFTS_1,both_partial
2701_Z2SFTS_1,partial_P5
2703_Z2SFTS_1,partial_P5
2704_Z2SFTS_1,both_partial
2705_Z2SFTS_1,partial_P5
2706_Z2SFTS_1,both_partial
2708_Z2SFTS_1,partial_P5
2709_Z2SFTS_1,partial_P7
2710_Z2SFTS_1,partial_P5
2711_Z2SFTS_1,both_partial
2712_Z2SFTS_1,partial_P5
2715_Z2SFTS_1,partial_P7
2716_Z2SFTS_1,partial_P7
2721_Z2SFTS_1,partial_P5
2722_Z2SFTS_1,both_partial
2723_Z2SFTS_1,both_partial
2725_Z2SFTS_1,partial_P5
2726_Z2SFTS_1,partial_P5
2729_Z2SFTS_1,partial_P5
2731_Z2SFTS_1,partial_P5
2732_Z2SFTS_1,partial_P7
2734_Z2SFTS_1,partial_P7
2736_Z2SFTS_1,partial_P5
2737_Z2SFTS_1,partial_P5
2740_Z2SFTS_1,partial_P5
2741_Z2SFTS_1,partial_P5
2742_Z2SFTS_1,partial_P5
2743_Z2SFTS_1,partial_P5
2744_Z2SFTS_1,partial_P7
2745_Z2SFTS_1,partial_P7
2746_Z2SFTS_1,partial_P7
2747_Z2SFTS_1,partial_P7
2748_Z2SFTS_1,partial_P7
2749_Z2SFTS_1,partial_P5
2750_Z2SFTS_1,both_partial
2753_Z2SFTS_1,partial_P5
2754_Z2SFTS_1,both_partial
2755_Z2SFTS_1,partial_P7
2756_Z2SFTS_1,partial_P5
2757_Z2SFTS_1,both_partial
2758_Z2SFTS_1,partial_P7
2759_Z2SFTS_1,partial_P5
2761_Z2SFTS_1,partial_P7
2763_Z2SFTS_1,partial_P5
2764_Z2SFTS_1,partial_P5
2765_Z2SFTS_1,partial_P7
2766_Z2SFTS_1,partial_P7
2767_Z2SFTS_1,partial_P7
2768_Z2SFTS_1,partial_P7
2770_Z2SFTS_1,both_partial
2771_Z2SFTS_1,partial_P5
2773_Z2SFTS_1,partial_P5
2774_Z2SFTS_1,partial_P5
2776_Z2SFTS_1,partial_P7
2777_Z2SFTS_1,partial_P7
2780_Z2SFTS_1,partial_P7
2781_Z2SFTS_1,partial_P5
2782_Z2SFTS_1,partial_P7
2783_Z2SFTS_1,partial_P7
2786_Z2SFTS_1,partial_P7
2787_Z2SFTS_1,partial_P5
2789_Z2SFTS_1,partial_P5
2790_Z2SFTS_1,partial_P7
2791_Z2SFTS_1,partial_P5
2792_Z2SFTS_1,partial_P5
2795_Z2SFTS_1,partial_P5
2796_Z2SFTS_1,partial_P5
2798_Z2SFTS_1,partial_P5
2799_Z2SFTS_1,partial_P5
2800_Z2SFTS_1,partial_P7
2802_Z2SFTS_1,both_partial
2803_Z2SFTS_1,both_partial
2804_Z2SFTS_1,partial_P5
2805_Z2SFTS_1,partial_P7
2806_Z2SFTS_1,partial_P5
2808_Z2SFTS_1,partial_P7
2809_Z2SFTS_1,partial_P7
2810_Z2SFTS_1,both_partial
2812_Z2SFTS_1,partial_P5
2813_Z2SFTS_1,partial_P5
2815_Z2SFTS_1,partial_P5
2818_Z2SFTS_1,partial_P7
2820_Z2SFTS_1,partial_P5
2821_Z2SFTS_1,partial_P5
2822_Z2SFTS_1,partial_P5
2823_Z2SFTS_1,both_partial
2824_Z2SFTS_1,partial_P5
2825_Z2SFTS_1,partial_P5
2826_Z2SFTS_1,partial_P7
2827_Z2SFTS_1,partial_P7
2828_Z2SFTS_1,both_partial
2831_Z2SFTS_1,partial_P5
2832_Z2SFTS_1,both_partial
2834_Z2SFTS_1,partial_P5
2835_Z2SFTS_1,partial_P5
2836_Z2SFTS_1,partial_P7
2838_Z2SFTS_1,both_partial
2840_Z2SFTS_1,partial_P5
2842_Z2SFTS_1,partial_P5
2844_Z2SFTS_1,partial_P5
2846_Z2SFTS_1,partial_P5
2847_Z2SFTS_1,both_partial
2848_Z2SFTS_1,partial_P7
2849_Z2SFTS_1,partial_P5
2850_Z2SFTS_1,partial_P5
2854_Z2SFTS_1,partial_P7
2855_Z2SFTS_1,partial_P5
2856_Z2SFTS_1,partial_P7
2857_Z2SFTS_1,both_partial
2859_Z2SFTS_1,partial_P5
2860_Z2SFTS_1,partial_P7
2862_Z2SFTS_1,partial_P5
2863_Z2SFTS_1,partial_P7
2867_Z2SFTS_1,partial_P7
2868_Z2SFTS_1,partial_P5
2870_Z2SFTS_1,partial_P7
2871_Z2SFTS_1,partial_P5
2872_Z2SFTS_1,partial_P5
2873_Z2SFTS_1,partial_P7
2875_Z2SFTS_1,partial_P5
2876_Z2SFTS_1,partial_P5
2877_Z2SFTS_1,partial_P5
2879_Z2SFTS_1,both_partial
2880_Z2SFTS_1,partial_P7
2883_Z2SFTS_1,partial_P5
2884_Z2SFTS_1,partial_P7
2885_Z2SFTS_1,partial_P5
2887_Z2SFTS_1,partial_P5
2888_Z2SFTS_1,partial_P5
2890_Z2SFTS_1,partial_P5
2891_Z2SFTS_1,partial_P5
2892_Z2SFTS_1,partial_P5
2896_Z2SFTS_1,partial_P7
2898_Z2SFTS_1,partial_P5
2899_Z2SFTS_1,partial_P5
2900_Z2SFTS_1,both_partial
2901_Z2SFTS_1,partial_P5
2902_Z2SFTS_1,partial_P5
2903_Z2SFTS_1,partial_P5
2904_Z2SFTS_1,partial_P7
2905_Z2SFTS_1,partial_P5
2906_Z2SFTS_1,partial_P5
2907_Z2SFTS_1,partial_P5
2908_Z2SFTS_1,partial_P5
2909_Z2SFTS_1,partial_P5
2910_Z2SFTS_1,partial_P7
2911_Z2SFTS_1,both_partial
2912_Z2SFTS_1,partial_P5
2913_Z2SFTS_1,partial_P5
2914_Z2SFTS_1,both_partial
2915_Z2SFTS_1,partial_P5
2917_Z2SFTS_1,partial_P5
2918_Z2SFTS_1,partial_P5
2919_Z2SFTS_1,partial_P5
2920_Z2SFTS_1,partial_P5
2921_Z2SFTS_1,partial_P5
2922_Z2SFTS_1,partial_P5
2924_Z2SFTS_1,partial_P5
2925_Z2SFTS_1,partial_P5
2926_Z2SFTS_1,partial_P7
2929_Z2SFTS_1,partial_P5
2930_Z2SFTS_1,partial_P7
2931_Z2SFTS_1,partial_P7
2932_Z2SFTS_1,partial_P5
2935_Z2SFTS_1,partial_P5
2936_Z2SFTS_1,both_partial
2937_Z2SFTS_1,partial_P5
2938_Z2SFTS_1,both_partial
2939_Z2SFTS_1,partial_P7
2942_Z2SFTS_1,partial_P5
2943_Z2SFTS_1,partial_P5
2944_Z2SFTS_1,both_partial
2950_Z2SFTS_1,partial_P5
2951_Z2SFTS_1,partial_P5
2952_Z2SFTS_1,partial_P7
2954_Z2SFTS_1,partial_P5
2955_Z2SFTS_1,partial_P7
2956_Z2SFTS_1,partial_P5
2957_Z2SFTS_1,partial_P5
2958_Z2SFTS_1,partial_P5
2962_Z2SFTS_1,partial_P5
2963_Z2SFTS_1,partial_P7
2965_Z2SFTS_1,partial_P5
2966_Z2SFTS_1,partial_P5
2967_Z2SFTS_1,partial_P5
2971_Z2SFTS_1,partial_P7
2972_Z2SFTS_1,partial_P5
2974_Z2SFTS_1,partial_P5
2975_Z2SFTS_1,partial_P7
2976_Z2SFTS_1,partial_P7
2978_Z2SFTS_1,partial_P7
2979_Z2SFTS_1,partial_P7
2980_Z2SFTS_1,partial_P5
2981_Z2SFTS_1,partial_P7
2982_Z2SFTS_1,partial_P7
2983_Z2SFTS_1,partial_P5
2984_Z2SFTS_1,both_partial
2986_Z2SFTS_1,partial_P7
2990_Z2SFTS_1,partial_P5
2991_Z2SFTS_1,both_partial
2995_Z2SFTS_1,partial_P7
2996_Z2SFTS_1,partial_P5
2998_Z2SFTS_1,partial_P5
2999_Z2SFTS_1,partial_P5
3002_Z2SFTS_1,partial_P5
3004_Z2SFTS_1,partial_P5
3008_Z2SFTS_1,partial_P7
3010_Z2SFTS_1,partial_P5
3012_Z2SFTS_1,partial_P5
3014_Z2SFTS_1,partial_P5
3015_Z2SFTS_1,both_partial
3016_Z2SFTS_1,both_partial
3017_Z2SFTS_1,partial_P5
3018_Z2SFTS_1,partial_P7
3020_Z2SFTS_1,partial_P5
3021_Z2SFTS_1,partial_P7
3022_Z2SFTS_1,partial_P5
3024_Z2SFTS_1,partial_P7
3025_Z2SFTS_1,partial_P7
3026_Z2SFTS_1,both_partial
3027_Z2SFTS_1,partial_P5
3028_Z2SFTS_1,partial_P5
3029_Z2SFTS_1,both_partial
3030_Z2SFTS_1,partial_P7
3031_Z2SFTS_1,both_partial
3032_Z2SFTS_1,both_partial
3033_Z2SFTS_1,partial_P5
3035_Z2SFTS_1,both_partial
3036_Z2SFTS_1,partial_P5
3037_Z2SFTS_1,partial_P5
3038_Z2SFTS_1,partial_P5
3039_Z2SFTS_1,partial_P7
3040_Z2SFTS_1,partial_P7
3041_Z2SFTS_1,partial_P5
3044_Z2SFTS_1,partial_P7
3045_Z2SFTS_1,partial_P7
3046_Z2SFTS_1,partial_P5
3048_Z2SFTS_1,partial_P7
3049_Z2SFTS_1,partial_P7
3050_Z2SFTS_1,partial_P5
3051_Z2SFTS_1,partial_P5
3052_Z2SFTS_1,partial_P5
3053_Z2SFTS_1,partial_P5
3056_Z2SFTS_1,partial_P5
3057_Z2SFTS_1,partial_P5
3059_Z2SFTS_1,partial_P5
3060_Z2SFTS_1,partial_P5
3061_Z2SFTS_1,partial_P5
3062_Z2SFTS_1,partial_P7
3063_Z2SFTS_1,partial_P5
3064_Z2SFTS_1,partial_P5
3065_Z2SFTS_1,partial_P5
3066_Z2SFTS_1,partial_P7
3067_Z2SFTS_1,partial_P5
3068_Z2SFTS_1,partial_P7
3069_Z2SFTS_1,partial_P5
3070_Z2SFTS_1,partial_P5
3071_Z2SFTS_1,partial_P5
3072_Z2SFTS_1,partial_P5
3073_Z2SFTS_1,partial_P7
3074_Z2SFTS_1,partial_P5
3075_Z2SFTS_1,partial_P5
3076_Z2SFTS_1,partial_P5
3077_Z2SFTS_1,partial_P7
3078_Z2SFTS_1,partial_P5
3079_Z2SFTS_1,partial_P7
3080_Z2SFTS_1,partial_P5
3082_Z2SFTS_1,partial_P5
3083_Z2SFTS_1,partial_P7
3085_Z2SFTS_1,partial_P5
3086_Z2SFTS_1,partial_P7
3087_Z2SFTS_1,partial_P5
3088_Z2SFTS_1,partial_P7
3089_Z2SFTS_1,partial_P5
3091_Z2SFTS_1,partial_P5
3092_Z2SFTS_1,partial_P5
3094_Z2SFTS_1,partial_P5
3095_Z2SFTS_1,partial_P5
3096_Z2SFTS_1,partial_P7
3097_Z2SFTS_1,both_partial
3098_Z2SFTS_1,partial_P5
3099_Z2SFTS_1,partial_P5
3100_Z2SFTS_1,partial_P5
3101_Z2SFTS_1,partial_P5
3102_Z2SFTS_1,partial_P5
3103_Z2SFTS_1,partial_P5
3105_Z2SFTS_1,partial_P7
3106_Z2SFTS_1,partial_P5
3107_Z2SFTS_1,partial_P5
3108_Z2SFTS_1,partial_P5
3109_Z2SFTS_1,partial_P5
3110_Z2SFTS_1,partial_P5
3112_Z2SFTS_1,partial_P7
3114_Z2SFTS_1,partial_P5
3115_Z2SFTS_1,partial_P5
3116_Z2SFTS_1,partial_P7
3117_Z2SFTS_1,partial_P5
3118_Z2SFTS_1,partial_P5
3119_Z2SFTS_1,partial_P5
3121_Z2SFTS_1,partial_P5
3122_Z2SFTS_1,partial_P5
3123_Z2SFTS_1,partial_P5
3124_Z2SFTS_1,partial_P7
3125_Z2SFTS_1,partial_P5
3126_Z2SFTS_1,partial_P5
3127_Z2SFTS_1,partial_P5
3129_Z2SFTS_1,partial_P5
3130_Z2SFTS_1,partial_P5
3131_Z2SFTS_1,partial_P5
3132_Z2SFTS_1,partial_P5
3133_Z2SFTS_1,partial_P5
3134_Z2SFTS_1,partial_P5
3135_Z2SFTS_1,partial_P5
3137_Z2SFTS_1,partial_P5
3138_Z2SFTS_1,partial_P5
3139_Z2SFTS_1,partial_P5
3140_Z2SFTS_1,partial_P5
3141_Z2SFTS_1,partial_P5
3142_Z2SFTS_1,partial_P5
3143_Z2SFTS_1,partial_P5
3144_Z2SFTS_1,partial_P5
3145_Z2SFTS_1,partial_P5
3147_Z2SFTS_1,partial_P5
3151_Z2SFTS_1,partial_P5
3152_Z2SFTS_1,partial_P5
3153_Z2SFTS_1,partial_P7
3154_Z2SFTS_1,partial_P5
3155_Z2SFTS_1,partial_P5
3156_Z2SFTS_1,partial_P5
3158_Z2SFTS_1,partial_P7
3159_Z2SFTS_1,partial_P5
3161_Z2SFTS_1,partial_P5
3162_Z2SFTS_1,partial_P5
3164_Z2SFTS_1,partial_P5
3165_Z2SFTS_1,partial_P5
3167_Z2SFTS_1,partial_P5
3168_Z2SFTS_1,partial_P7
3169_Z2SFTS_1,partial_P5
3170_Z2SFTS_1,partial_P5
3171_Z2SFTS_1,partial_P5
3172_Z2SFTS_1,partial_P5
3173_Z2SFTS_1,partial_P5
3174_Z2SFTS_1,partial_P5
3175_Z2SFTS_1,partial_P5
3176_Z2SFTS_1,partial_P7
3178_Z2SFTS_1,partial_P5
3179_Z2SFTS_1,partial_P5
3180_Z2SFTS_1,partial_P5
3182_Z2SFTS_1,partial_P5
3183_Z2SFTS_1,partial_P7
3184_Z2SFTS_1,partial_P7
3185_Z2SFTS_1,partial_P5
3186_Z2SFTS_1,partial_P5
3187_Z2SFTS_1,partial_P5
3188_Z2SFTS_1,partial_P5
3189_Z2SFTS_1,partial_P7
3190_Z2SFTS_1,partial_P7
3192_Z2SFTS_1,partial_P7
3193_Z2SFTS_1,partial_P5
3195_Z2SFTS_1,partial_P7
3196_Z2SFTS_1,partial_P5
3197_Z2SFTS_1,partial_P5
3198_Z2SFTS_1,partial_P5
3200_Z2SFTS_1,partial_P5
3202_Z2SFTS_1,partial_P5
3205_Z2SFTS_1,partial_P5
3208_Z2SFTS_1,partial_P7
3209_Z2SFTS_1,partial_P5
3210_Z2SFTS_1,partial_P7
3214_Z2SFTS_1,partial_P5
3215_Z2SFTS_1,partial_P5
3216_Z2SFTS_1,partial_P5
3218_Z2SFTS_1,partial_P5
3219_Z2SFTS_1,partial_P5
3220_Z2SFTS_1,partial_P7
3221_Z2SFTS_1,partial_P5
3222_Z2SFTS_1,partial_P5
3223_Z2SFTS_1,partial_P7
3224_Z2SFTS_1,partial_P5
3225_Z2SFTS_1,partial_P5
3226_Z2SFTS_1,partial_P5
3227_Z2SFTS_1,partial_P5
3230_Z2SFTS_1,partial_P5
3231_Z2SFTS_1,partial_P7
3232_Z2SFTS_1,partial_P5
3233_Z2SFTS_1,partial_P5
3234_Z2SFTS_1,partial_P7
3236_Z2SFTS_1,partial_P5
3237_Z2SFTS_1,partial_P5
3238_Z2SFTS_1,partial_P7
3239_Z2SFTS_1,partial_P5
3240_Z2SFTS_1,partial_P5
3241_Z2SFTS_1,partial_P5
3242_Z2SFTS_1,partial_P5
3243_Z2SFTS_1,partial_P5
3244_Z2SFTS_1,partial_P7
3245_Z2SFTS_1,partial_P7
3246_Z2SFTS_1,partial_P5
3247_Z2SFTS_1,partial_P5
3248_Z2SFTS_1,partial_P5
3249_Z2SFTS_1,partial_P5
3250_Z2SFTS_1,partial_P5
3251_Z2SFTS_1,partial_P5
3254_Z2SFTS_1,partial_P5
3255_Z2SFTS_1,partial_P7
3256_Z2SFTS_1,partial_P7
3257_Z2SFTS_1,partial_P5
3258_Z2SFTS_1,partial_P7
3259_Z2SFTS_1,partial_P5
3260_Z2SFTS_1,partial_P5
3261_Z2SFTS_1,partial_P5
3262_Z2SFTS_1,partial_P5
3263_Z2SFTS_1,partial_P7
3264_Z2SFTS_1,partial_P7
3267_Z2SFTS_1,partial_P7
3268_Z2SFTS_1,partial_P5
3269_Z2SFTS_1,partial_P5
3272_Z2SFTS_1,partial_P5
3273_Z2SFTS_1,partial_P5
3274_Z2SFTS_1,partial_P5
3275_Z2SFTS_1,partial_P5
3276_Z2SFTS_1,partial_P5
3277_Z2SFTS_1,partial_P5
3278_Z2SFTS_1,partial_P5
3282_Z2SFTS_1,partial_P5
3284_Z2SFTS_1,partial_P5
3285_Z2SFTS_1,partial_P5
3286_Z2SFTS_1,partial_P5
3288_Z2SFTS_1,partial_P5
3290_Z2SFTS_1,partial_P7
3291_Z2SFTS_1,partial_P5
3292_Z2SFTS_1,partial_P5
3293_Z2SFTS_1,partial_P5
3294_Z2SFTS_1,partial_P5
3295_Z2SFTS_1,partial_P5
3296_Z2SFTS_1,partial_P5
3299_Z2SFTS_1,partial_P7
3300_Z2SFTS_1,partial_P5
3301_Z2SFTS_1,partial_P5
3303_Z2SFTS_1,partial_P5
3304_Z2SFTS_1,partial_P5
3305_Z2SFTS_1,partial_P5
3306_Z2SFTS_1,partial_P5
3307_Z2SFTS_1,partial_P5
3308_Z2SFTS_1,partial_P7
3309_Z2SFTS_1,partial_P5
3310_Z2SFTS_1,partial_P5
3311_Z2SFTS_1,partial_P5
3312_Z2SFTS_1,partial_P7
3313_Z2SFTS_1,partial_P5
3314_Z2SFTS_1,partial_P5
3315_Z2SFTS_1,partial_P5
3317_Z2SFTS_1,partial_P7
3318_Z2SFTS_1,partial_P5
3319_Z2SFTS_1,partial_P5
3320_Z2SFTS_1,both_partial
3321_Z2SFTS_1,partial_P5
3322_Z2SFTS_1,partial_P5
3323_Z2SFTS_1,partial_P5
3324_Z2SFTS_1,partial_P5
3325_Z2SFTS_1,partial_P7
3326_Z2SFTS_1,partial_P5
3327_Z2SFTS_1,partial_P5
3329_Z2SFTS_1,partial_P5
3330_Z2SFTS_1,partial_P7
3332_Z2SFTS_1,partial_P5
3334_Z2SFTS_1,partial_P5
3335_Z2SFTS_1,partial_P5
3336_Z2SFTS_1,partial_P5
3338_Z2SFTS_1,partial_P7
3339_Z2SFTS_1,partial_P5
3340_Z2SFTS_1,partial_P5
3341_Z2SFTS_1,partial_P7
3342_Z2SFTS_1,partial_P5
3343_Z2SFTS_1,partial_P7
3344_Z2SFTS_1,partial_P5
3345_Z2SFTS_1,partial_P5
3346_Z2SFTS_1,partial_P7
3347_Z2SFTS_1,partial_P5
3348_Z2SFTS_1,partial_P5
3349_Z2SFTS_1,partial_P5
3350_Z2SFTS_1,partial_P5
3351_Z2SFTS_1,partial_P5
3352_Z2SFTS_1,partial_P5
3353_Z2SFTS_1,partial_P7
3357_Z2SFTS_1,partial_P5
3359_Z2SFTS_1,partial_P5
3360_Z2SFTS_1,partial_P5
3361_Z2SFTS_1,partial_P5
3362_Z2SFTS_1,partial_P7
3363_Z2SFTS_1,partial_P5
3364_Z2SFTS_1,partial_P5
3365_Z2SFTS_1,partial_P7
3366_Z2SFTS_1,partial_P5
3368_Z2SFTS_1,partial_P5
3369_Z2SFTS_1,partial_P5
3370_Z2SFTS_1,partial_P7
3371_Z2SFTS_1,partial_P5
3372_Z2SFTS_1,partial_P5
3373_Z2SFTS_1,partial_P5
3374_Z2SFTS_1,partial_P5
3376_Z2SFTS_1,partial_P5
3377_Z2SFTS_1,partial_P5
3378_Z2SFTS_1,partial_P5
3379_Z2SFTS_1,partial_P7
3380_Z2SFTS_1,partial_P5
3382_Z2SFTS_1,partial_P5
3383_Z2SFTS_1,partial_P7
3384_Z2SFTS_1,partial_P5
3385_Z2SFTS_1,partial_P5
3386_Z2SFTS_1,partial_P5
3387_Z2SFTS_1,partial_P5
3388_Z2SFTS_1,partial_P5
3389_Z2SFTS_1,partial_P7
3392_Z2SFTS_1,partial_P7
3393_Z2SFTS_1,partial_P5
3394_Z2SFTS_1,partial_P7
3395_Z2SFTS_1,partial_P7
3396_Z2SFTS_1,partial_P5
3397_Z2SFTS_1,partial_P7
3398_Z2SFTS_1,partial_P5
3399_Z2SFTS_1,partial_P5
3400_Z2SFTS_1,partial_P7
3401_Z2SFTS_1,partial_P5
3402_Z2SFTS_1,partial_P5
3403_Z2SFTS_1,partial_P5
3404_Z2SFTS_1,partial_P5
3406_Z2SFTS_1,partial_P5
3407_Z2SFTS_1,partial_P5
3408_Z2SFTS_1,partial_P5
3409_Z2SFTS_1,partial_P5
3412_Z2SFTS_1,partial_P5
3413_Z2SFTS_1,partial_P5
3415_Z2SFTS_1,partial_P5
3416_Z2SFTS_1,partial_P5
3418_Z2SFTS_1,partial_P5
3419_Z2SFTS_1,partial_P5
3420_Z2SFTS_1,partial_P5
3421_Z2SFTS_1,partial_P5
3422_Z2SFTS_1,partial_P5
3424_Z2SFTS_1,partial_P5
3425_Z2SFTS_1,partial_P5
3427_Z2SFTS_1,partial_P5
3428_Z2SFTS_1,partial_P7
3429_Z2SFTS_1,partial_P5
3430_Z2SFTS_1,partial_P5
3431_Z2SFTS_1,partial_P5
3432_Z2SFTS_1,partial_P5
3433_Z2SFTS_1,partial_P5
3434_Z2SFTS_1,partial_P5
3436_Z2SFTS_1,partial_P7
3437_Z2SFTS_1,partial_P5
3438_Z2SFTS_1,partial_P5
3439_Z2SFTS_1,partial_P5
3440_Z2SFTS_1,partial_P5
3441_Z2SFTS_1,partial_P5
3443_Z2SFTS_1,partial_P5
3444_Z2SFTS_1,partial_P5
3445_Z2SFTS_1,partial_P5
3446_Z2SFTS_1,partial_P7
3447_Z2SFTS_1,partial_P5
3448_Z2SFTS_1,partial_P5
3449_Z2SFTS_1,partial_P5
3450_Z2SFTS_1,partial_P5
3451_Z2SFTS_1,partial_P5
3453_Z2SFTS_1,partial_P5
3454_Z2SFTS_1,partial_P5
3455_Z2SFTS_1,partial_P7
3457_Z2SFTS_1,partial_P5
3458_Z2SFTS_1,partial_P5
3459_Z2SFTS_1,partial_P5
3460_Z2SFTS_1,partial_P5
3461_Z2SFTS_1,partial_P5
3462_Z2SFTS_1,partial_P7
3463_Z2SFTS_1,partial_P7
3464_Z2SFTS_1,partial_P5
3465_Z2SFTS_1,partial_P5
3466_Z2SFTS_1,partial_P5
3467_Z2SFTS_1,partial_P7
3469_Z2SFTS_1,partial_P5
3471_Z2SFTS_1,partial_P7
3472_Z2SFTS_1,partial_P5
3473_Z2SFTS_1,partial_P5
3474_Z2SFTS_1,partial_P5
3475_Z2SFTS_1,partial_P7
3476_Z2SFTS_1,partial_P7
3477_Z2SFTS_1,partial_P5
3478_Z2SFTS_1,partial_P5
3479_Z2SFTS_1,partial_P5
3481_Z2SFTS_1,partial_P5
3484_Z2SFTS_1,partial_P7
3486_Z2SFTS_1,partial_P5
3487_Z2SFTS_1,partial_P5
3489_Z2SFTS_1,partial_P5
3490_Z2SFTS_1,partial_P5
3491_Z2SFTS_1,partial_P5
3492_Z2SFTS_1,partial_P5
3493_Z2SFTS_1,partial_P5
3497_Z2SFTS_1,partial_P5
3499_Z2SFTS_1,partial_P5
3500_Z2SFTS_1,partial_P5
3501_Z2SFTS_1,partial_P5
3502_Z2SFTS_1,partial_P5
3503_Z2SFTS_1,partial_P5
3504_Z2SFTS_1,partial_P5
3505_Z2SFTS_1,partial_P5
3506_Z2SFTS_1,partial_P5
3507_Z2SFTS_1,partial_P5
3508_Z2SFTS_1,partial_P5
3510_Z2SFTS_1,partial_P5
3512_Z2SFTS_1,partial_P5
3513_Z2SFTS_1,partial_P5
3514_Z2SFTS_1,partial_P5
3515_Z2SFTS_1,partial_P7
3516_Z2SFTS_1,partial_P5
3517_Z2SFTS_1,partial_P5
3518_Z2SFTS_1,partial_P7
3519_Z2SFTS_1,partial_P5
3520_Z2SFTS_1,partial_P5
3523_Z2SFTS_1,partial_P7
3524_Z2SFTS_1,partial_P5
3525_Z2SFTS_1,partial_P7
3526_Z2SFTS_1,partial_P5
3527_Z2SFTS_1,partial_P5
3528_Z2SFTS_1,partial_P5
3529_Z2SFTS_1,partial_P5
3530_Z2SFTS_1,partial_P5
3531_Z2SFTS_1,partial_P7
3532_Z2SFTS_1,partial_P7
3533_Z2SFTS_1,partial_P5
3534_Z2SFTS_1,partial_P5
3536_Z2SFTS_1,partial_P7
3537_Z2SFTS_1,partial_P5
3538_Z2SFTS_1,partial_P5
3539_Z2SFTS_1,partial_P7
3540_Z2SFTS_1,partial_P5
3541_Z2SFTS_1,partial_P5
3543_Z2SFTS_1,partial_P5
3544_Z2SFTS_1,partial_P5
3545_Z2SFTS_1,partial_P5
3546_Z2SFTS_1,partial_P7
3548_Z2SFTS_1,partial_P5
3550_Z2SFTS_1,partial_P7
3551_Z2SFTS_1,partial_P5
3552_Z2SFTS_1,partial_P5
3553_Z2SFTS_1,partial_P5
3554_Z2SFTS_1,partial_P5
3556_Z2SFTS_1,partial_P5
3558_Z2SFTS_1,partial_P5
3559_Z2SFTS_1,partial_P5
3562_Z2SFTS_1,partial_P5
3563_Z2SFTS_1,partial_P5
3564_Z2SFTS_1,partial_P5
3565_Z2SFTS_1,partial_P5
3566_Z2SFTS_1,partial_P5
3567_Z2SFTS_1,partial_P5
3570_Z2SFTS_1,partial_P7
3572_Z2SFTS_1,partial_P5
3574_Z2SFTS_1,partial_P5
3576_Z2SFTS_1,partial_P5
3577_Z2SFTS_1,partial_P7
3578_Z2SFTS_1,partial_P5
3580_Z2SFTS_1,partial_P5
3581_Z2SFTS_1,partial_P5
3582_Z2SFTS_1,partial_P5
3583_Z2SFTS_1,partial_P7
3584_Z2SFTS_1,partial_P5
3585_Z2SFTS_1,partial_P5
3586_Z2SFTS_1,partial_P5
3587_Z2SFTS_1,partial_P7
3588_Z2SFTS_1,partial_P7
3589_Z2SFTS_1,partial_P5
3590_Z2SFTS_1,partial_P5
3591_Z2SFTS_1,partial_P5
3594_Z2SFTS_1,partial_P5
3595_Z2SFTS_1,partial_P7
3596_Z2SFTS_1,partial_P5
3598_Z2SFTS_1,partial_P5
3599_Z2SFTS_1,partial_P5
3600_Z2SFTS_1,partial_P7
3602_Z2SFTS_1,partial_P5
3603_Z2SFTS_1,partial_P5
3604_Z2SFTS_1,partial_P5
3605_Z2SFTS_1,partial_P5
3606_Z2SFTS_1,partial_P5
3608_Z2SFTS_1,partial_P7
3610_Z2SFTS_1,partial_P5
3612_Z2SFTS_1,partial_P7
3613_Z2SFTS_1,partial_P7
3616_Z2SFTS_1,partial_P5
3617_Z2SFTS_1,partial_P5
3619_Z2SFTS_1,partial_P7
3620_Z2SFTS_1,partial_P5
3621_Z2SFTS_1,partial_P7
3622_Z2SFTS_1,partial_P5
3623_Z2SFTS_1,partial_P5
3624_Z2SFTS_1,partial_P5
3625_Z2SFTS_1,partial_P5
3626_Z2SFTS_1,partial_P7
3627_Z2SFTS_1,partial_P5
3628_Z2SFTS_1,partial_P7
3629_Z2SFTS_1,partial_P5
3630_Z2SFTS_1,partial_P5
3631_Z2SFTS_1,partial_P5
3632_Z2SFTS_1,partial_P7
3635_Z2SFTS_1,partial_P5
3636_Z2SFTS_1,partial_P7
3637_Z2SFTS_1,partial_P5
3638_Z2SFTS_1,partial_P5
3639_Z2SFTS_1,partial_P7
3640_Z2SFTS_1,partial_P5
3641_Z2SFTS_1,partial_P5
3643_Z2SFTS_1,partial_P5
3644_Z2SFTS_1,partial_P5
3645_Z2SFTS_1,partial_P5
3647_Z2SFTS_1,partial_P5
3648_Z2SFTS_1,partial_P7
3649_Z2SFTS_1,partial_P5
3650_Z2SFTS_1,partial_P7
3651_Z2SFTS_1,partial_P5
3652_Z2SFTS_1,partial_P5
3654_Z2SFTS_1,partial_P5
3655_Z2SFTS_1,partial_P7
3656_Z2SFTS_1,partial_P5
3657_Z2SFTS_1,partial_P5
3658_Z2SFTS_1,partial_P7
3659_Z2SFTS_1,partial_P5
3660_Z2SFTS_1,partial_P7
3661_Z2SFTS_1,partial_P7
3662_Z2SFTS_1,partial_P7
3663_Z2SFTS_1,partial_P5
3664_Z2SFTS_1,partial_P5
3665_Z2SFTS_1,partial_P5
3666_Z2SFTS_1,partial_P5
3667_Z2SFTS_1,partial_P5
3668_Z2SFTS_1,partial_P5
3669_Z2SFTS_1,partial_P7
3670_Z2SFTS_1,partial_P5
3672_Z2SFTS_1,partial_P7
3673_Z2SFTS_1,partial_P7
3674_Z2SFTS_1,partial_P5
3677_Z2SFTS_1,partial_P5
3678_Z2SFTS_1,partial_P5
3679_Z2SFTS_1,partial_P5
3680_Z2SFTS_1,partial_P5
3681_Z2SFTS_1,partial_P5
3683_Z2SFTS_1,partial_P5
3684_Z2SFTS_1,partial_P5
3685_Z2SFTS_1,partial_P5
3686_Z2SFTS_1,partial_P7
3687_Z2SFTS_1,partial_P5
3688_Z2SFTS_1,partial_P5
3689_Z2SFTS_1,partial_P5
3690_Z2SFTS_1,partial_P5
3691_Z2SFTS_1,partial_P5
3692_Z2SFTS_1,partial_P7
3693_Z2SFTS_1,partial_P5
3694_Z2SFTS_1,partial_P5
3695_Z2SFTS_1,partial_P5
3696_Z2SFTS_1,partial_P5
3697_Z2SFTS_1,partial_P5
3699_Z2SFTS_1,partial_P5
3700_Z2SFTS_1,partial_P7
3701_Z2SFTS_1,partial_P7
3702_Z2SFTS_1,partial_P5
3703_Z2SFTS_1,partial_P7
3704_Z2SFTS_1,partial_P5
3706_Z2SFTS_1,partial_P5
3707_Z2SFTS_1,partial_P7
3708_Z2SFTS_1,partial_P5
3709_Z2SFTS_1,partial_P5
3710_Z2SFTS_1,partial_P5
3712_Z2SFTS_1,partial_P5
3713_Z2SFTS_1,partial_P5
3714_Z2SFTS_1,partial_P7
3715_Z2SFTS_1,partial_P5
3716_Z2SFTS_1,partial_P5
3717_Z2SFTS_1,partial_P5
3718_Z2SFTS_1,partial_P5
3719_Z2SFTS_1,partial_P5
3720_Z2SFTS_1,partial_P5
3721_Z2SFTS_1,partial_P5
3723_Z2SFTS_1,partial_P5
3724_Z2SFTS_1,partial_P5
3725_Z2SFTS_1,partial_P5
3726_Z2SFTS_1,partial_P5
3729_Z2SFTS_1,partial_P5
3730_Z2SFTS_1,partial_P7
3731_Z2SFTS_1,partial_P5
3732_Z2SFTS_1,partial_P5
3733_Z2SFTS_1,partial_P5
3734_Z2SFTS_1,partial_P5
3736_Z2SFTS_1,partial_P5
3738_Z2SFTS_1,partial_P5
3739_Z2SFTS_1,partial_P7
3740_Z2SFTS_1,partial_P5
3741_Z2SFTS_1,partial_P5
3742_Z2SFTS_1,partial_P5
3743_Z2SFTS_1,partial_P5
3744_Z2SFTS_1,partial_P5
3745_Z2SFTS_1,partial_P5
3746_Z2SFTS_1,partial_P7
3748_Z2SFTS_1,partial_P5
3749_Z2SFTS_1,partial_P5
3750_Z2SFTS_1,partial_P5
3751_Z2SFTS_1,partial_P5
3753_Z2SFTS_1,partial_P5
3754_Z2SFTS_1,partial_P7
3755_Z2SFTS_1,partial_P5
3756_Z2SFTS_1,partial_P5
3757_Z2SFTS_1,partial_P7
3758_Z2SFTS_1,partial_P5
3759_Z2SFTS_1,partial_P7
3760_Z2SFTS_1,partial_P5
3761_Z2SFTS_1,partial_P7
3762_Z2SFTS_1,partial_P5
3763_Z2SFTS_1,partial_P5
3765_Z2SFTS_1,partial_P7
3766_Z2SFTS_1,partial_P5
3767_Z2SFTS_1,partial_P5
3768_Z2SFTS_1,partial_P5
3769_Z2SFTS_1,partial_P5
3770_Z2SFTS_1,partial_P7
3771_Z2SFTS_1,partial_P5
3772_Z2SFTS_1,partial_P5
3773_Z2SFTS_1,partial_P5
3774_Z2SFTS_1,partial_P7
3776_Z2SFTS_1,partial_P5
3777_Z2SFTS_1,partial_P7
3778_Z2SFTS_1,partial_P5
3781_Z2SFTS_1,partial_P7
3782_Z2SFTS_1,partial_P5
3783_Z2SFTS_1,partial_P5
3784_Z2SFTS_1,partial_P5
3786_Z2SFTS_1,partial_P5
3789_Z2SFTS_1,partial_P5
3790_Z2SFTS_1,partial_P5
3791_Z2SFTS_1,partial_P5
3792_Z2SFTS_1,partial_P5
3793_Z2SFTS_1,partial_P5
3794_Z2SFTS_1,partial_P7
3795_Z2SFTS_1,partial_P5
3796_Z2SFTS_1,partial_P5
3797_Z2SFTS_1,partial_P5
3798_Z2SFTS_1,partial_P5
3799_Z2SFTS_1,partial_P5
3800_Z2SFTS_1,partial_P5
3801_Z2SFTS_1,both_partial
3802_Z2SFTS_1,partial_P5
3803_Z2SFTS_1,partial_P5
3804_Z2SFTS_1,partial_P5
3805_Z2SFTS_1,both_partial
3806_Z2SFTS_1,partial_P5
3807_Z2SFTS_1,partial_P5
3808_Z2SFTS_1,partial_P7
3809_Z2SFTS_1,partial_P5
3810_Z2SFTS_1,partial_P5
3811_Z2SFTS_1,partial_P5
3812_Z2SFTS_1,partial_P5
3813_Z2SFTS_1,partial_P5
3814_Z2SFTS_1,partial_P5
3815_Z2SFTS_1,partial_P7
3816_Z2SFTS_1,partial_P5
3817_Z2SFTS_1,partial_P5
3818_Z2SFTS_1,partial_P7
3819_Z2SFTS_1,partial_P7
3820_Z2SFTS_1,partial_P7
3823_Z2SFTS_1,partial_P5
3824_Z2SFTS_1,partial_P5
3825_Z2SFTS_1,partial_P5
3826_Z2SFTS_1,partial_P7
3828_Z2SFTS_1,partial_P5
3829_Z2SFTS_1,partial_P5
3831_Z2SFTS_1,partial_P5
3832_Z2SFTS_1,partial_P7
3834_Z2SFTS_1,partial_P5
3835_Z2SFTS_1,partial_P5
3837_Z2SFTS_1,partial_P7
3838_Z2SFTS_1,partial_P7
3839_Z2SFTS_1,partial_P5
3841_Z2SFTS_1,partial_P7
3842_Z2SFTS_1,partial_P5
3843_Z2SFTS_1,partial_P7
3845_Z2SFTS_1,partial_P5
3846_Z2SFTS_1,partial_P5
3848_Z2SFTS_1,partial_P5
3849_Z2SFTS_1,partial_P5
3850_Z2SFTS_1,partial_P5
3851_Z2SFTS_1,partial_P5
3853_Z2SFTS_1,partial_P5
3854_Z2SFTS_1,partial_P7
3855_Z2SFTS_1,partial_P5
3856_Z2SFTS_1,partial_P5
3857_Z2SFTS_1,partial_P5
3858_Z2SFTS_1,partial_P5
3859_Z2SFTS_1,partial_P5
3860_Z2SFTS_1,partial_P7
3861_Z2SFTS_1,partial_P5
3862_Z2SFTS_1,partial_P5
3863_Z2SFTS_1,partial_P5
3864_Z2SFTS_1,partial_P5
3865_Z2SFTS_1,partial_P5
3866_Z2SFTS_1,partial_P7
3868_Z2SFTS_1,partial_P5
3869_Z2SFTS_1,both_partial
3870_Z2SFTS_1,partial_P5
3872_Z2SFTS_1,partial_P5
3873_Z2SFTS_1,partial_P7
3874_Z2SFTS_1,partial_P7
3875_Z2SFTS_1,partial_P5
3876_Z2SFTS_1,partial_P5
3877_Z2SFTS_1,partial_P5
3878_Z2SFTS_1,partial_P5
3879_Z2SFTS_1,partial_P7
3880_Z2SFTS_1,partial_P5
3881_Z2SFTS_1,partial_P7
3882_Z2SFTS_1,partial_P5
3883_Z2SFTS_1,partial_P5
3884_Z2SFTS_1,partial_P5
3885_Z2SFTS_1,partial_P5
3886_Z2SFTS_1,partial_P7
3888_Z2SFTS_1,partial_P7
3889_Z2SFTS_1,partial_P5
3894_Z2SFTS_1,partial_P5
3895_Z2SFTS_1,partial_P5
3896_Z2SFTS_1,partial_P5
3897_Z2SFTS_1,partial_P5
3898_Z2SFTS_1,partial_P5
3899_Z2SFTS_1,partial_P5
3901_Z2SFTS_1,partial_P5
3903_Z2SFTS_1,partial_P5
3904_Z2SFTS_1,partial_P5
3905_Z2SFTS_1,partial_P5
3906_Z2SFTS_1,partial_P5
3907_Z2SFTS_1,partial_P5
3908_Z2SFTS_1,partial_P5
3909_Z2SFTS_1,partial_P5
3910_Z2SFTS_1,partial_P5
3911_Z2SFTS_1,partial_P5
3912_Z2SFTS_1,partial_P5
3913_Z2SFTS_1,partial_P5
3915_Z2SFTS_1,partial_P5
3916_Z2SFTS_1,partial_P5
3917_Z2SFTS_1,partial_P5
3918_Z2SFTS_1,both_partial
3919_Z2SFTS_1,partial_P5
3920_Z2SFTS_1,partial_P5
3921_Z2SFTS_1,partial_P7
3923_Z2SFTS_1,partial_P5
3925_Z2SFTS_1,partial_P5
3926_Z2SFTS_1,partial_P5
3927_Z2SFTS_1,partial_P7
3928_Z2SFTS_1,partial_P5
3929_Z2SFTS_1,partial_P5
3930_Z2SFTS_1,partial_P7
3931_Z2SFTS_1,partial_P7
3932_Z2SFTS_1,partial_P7
3933_Z2SFTS_1,partial_P5
3935_Z2SFTS_1,partial_P5
3937_Z2SFTS_1,partial_P5
3938_Z2SFTS_1,partial_P5
3939_Z2SFTS_1,partial_P5
3940_Z2SFTS_1,partial_P5
3941_Z2SFTS_1,partial_P5
3943_Z2SFTS_1,partial_P7
3944_Z2SFTS_1,partial_P7
3945_Z2SFTS_1,partial_P5
3946_Z2SFTS_1,partial_P5
3947_Z2SFTS_1,partial_P5
3948_Z2SFTS_1,partial_P5
3949_Z2SFTS_1,partial_P5
3950_Z2SFTS_1,partial_P5
3951_Z2SFTS_1,partial_P7
3952_Z2SFTS_1,partial_P5
3953_Z2SFTS_1,partial_P5
3954_Z2SFTS_1,partial_P7
3955_Z2SFTS_1,partial_P5
3957_Z2SFTS_1,partial_P5
3959_Z2SFTS_1,partial_P5
3960_Z2SFTS_1,partial_P5
3961_Z2SFTS_1,partial_P7
3962_Z2SFTS_1,partial_P7
3963_Z2SFTS_1,partial_P5
3964_Z2SFTS_1,partial_P5
3965_Z2SFTS_1,partial_P5
3966_Z2SFTS_1,partial_P7
3967_Z2SFTS_1,partial_P7
3968_Z2SFTS_1,partial_P5
3969_Z2SFTS_1,partial_P5
3970_Z2SFTS_1,partial_P5
3971_Z2SFTS_1,partial_P5
3972_Z2SFTS_1,partial_P5
3974_Z2SFTS_1,partial_P5
3975_Z2SFTS_1,partial_P7
3976_Z2SFTS_1,partial_P5
3977_Z2SFTS_1,partial_P5
3978_Z2SFTS_1,partial_P5
3980_Z2SFTS_1,partial_P5
3981_Z2SFTS_1,partial_P5
3982_Z2SFTS_1,partial_P5
3983_Z2SFTS_1,partial_P7
3984_Z2SFTS_1,partial_P5
3985_Z2SFTS_1,partial_P5
3987_Z2SFTS_1,partial_P5
3988_Z2SFTS_1,partial_P7
3989_Z2SFTS_1,partial_P5
3990_Z2SFTS_1,partial_P5
3991_Z2SFTS_1,partial_P5
3994_Z2SFTS_1,partial_P5
3995_Z2SFTS_1,partial_P5
3996_Z2SFTS_1,partial_P5
3997_Z2SFTS_1,partial_P7
3999_Z2SFTS_1,partial_P5
4000_Z2SFTS_1,partial_P5
4001_Z2SFTS_1,partial_P5
4002_Z2SFTS_1,partial_P5
4003_Z2SFTS_1,partial_P5
4004_Z2SFTS_1,partial_P5
4005_Z2SFTS_1,partial_P5
4006_Z2SFTS_1,partial_P5
4007_Z2SFTS_1,partial_P5
4008_Z2SFTS_1,partial_P7
4010_Z2SFTS_1,partial_P5
4011_Z2SFTS_1,partial_P5
4012_Z2SFTS_1,partial_P5
4013_Z2SFTS_1,partial_P5
4014_Z2SFTS_1,partial_P5
4015_Z2SFTS_1,partial_P5
4016_Z2SFTS_1,partial_P5
4017_Z2SFTS_1,partial_P5
4018_Z2SFTS_1,partial_P7
4019_Z2SFTS_1,partial_P5
4020_Z2SFTS_1,partial_P5
4021_Z2SFTS_1,partial_P5
4022_Z2SFTS_1,partial_P7
4023_Z2SFTS_1,partial_P5
4024_Z2SFTS_1,partial_P5
4025_Z2SFTS_1,partial_P7
4026_Z2SFTS_1,partial_P5
4027_Z2SFTS_1,partial_P5
4030_Z2SFTS_1,partial_P5
4031_Z2SFTS_1,partial_P5
4032_Z2SFTS_1,partial_P5
4033_Z2SFTS_1,partial_P7
4034_Z2SFTS_1,partial_P5
4035_Z2SFTS_1,partial_P7
4036_Z2SFTS_1,partial_P5
4038_Z2SFTS_1,partial_P5
4040_Z2SFTS_1,partial_P5
4041_Z2SFTS_1,partial_P7
4042_Z2SFTS_1,partial_P7
4043_Z2SFTS_1,partial_P5
4044_Z2SFTS_1,partial_P5
4045_Z2SFTS_1,partial_P5
4046_Z2SFTS_1,partial_P5
4047_Z2SFTS_1,partial_P7
4048_Z2SFTS_1,partial_P7
4049_Z2SFTS_1,partial_P5
4050_Z2SFTS_1,partial_P5
4051_Z2SFTS_1,partial_P7
4052_Z2SFTS_1,partial_P5
4053_Z2SFTS_1,partial_P5
4054_Z2SFTS_1,partial_P5
4055_Z2SFTS_1,partial_P5
4057_Z2SFTS_1,partial_P5
4058_Z2SFTS_1,partial_P5
4059_Z2SFTS_1,partial_P5
4060_Z2SFTS_1,partial_P5
4061_Z2SFTS_1,partial_P7
4062_Z2SFTS_1,partial_P5
4063_Z2SFTS_1,partial_P5
4064_Z2SFTS_1,partial_P5
4065_Z2SFTS_1,partial_P5
4066_Z2SFTS_1,partial_P5
4067_Z2SFTS_1,partial_P5
4068_Z2SFTS_1,partial_P5
4069_Z2SFTS_1,partial_P5
4070_Z2SFTS_1,partial_P5
4071_Z2SFTS_1,partial_P5
4072_Z2SFTS_1,partial_P5
4073_Z2SFTS_1,partial_P7
4074_Z2SFTS_1,partial_P5
4075_Z2SFTS_1,partial_P5
4076_Z2SFTS_1,partial_P5
4078_Z2SFTS_1,partial_P5
4081_Z2SFTS_1,partial_P7
4082_Z2SFTS_1,partial_P7
4083_Z2SFTS_1,partial_P5
4084_Z2SFTS_1,partial_P5
4085_Z2SFTS_1,partial_P5
4086_Z2SFTS_1,partial_P5
4087_Z2SFTS_1,partial_P7
4088_Z2SFTS_1,partial_P7
4089_Z2SFTS_1,partial_P5
4090_Z2SFTS_1,partial_P5
4091_Z2SFTS_1,partial_P5
4093_Z2SFTS_1,partial_P5
4094_Z2SFTS_1,partial_P5
4096_Z2SFTS_1,partial_P5
4097_Z2SFTS_1,partial_P7
4098_Z2SFTS_1,partial_P7
4100_Z2SFTS_1,partial_P5
4101_Z2SFTS_1,partial_P5
4102_Z2SFTS_1,partial_P5
4104_Z2SFTS_1,partial_P5
4106_Z2SFTS_1,partial_P5
4108_Z2SFTS_1,partial_P7
4109_Z2SFTS_1,partial_P5
4110_Z2SFTS_1,partial_P5
4111_Z2SFTS_1,partial_P5
4112_Z2SFTS_1,partial_P7
4113_Z2SFTS_1,partial_P5
4114_Z2SFTS_1,partial_P5
4115_Z2SFTS_1,partial_P5
4118_Z2SFTS_1,partial_P5
4119_Z2SFTS_1,partial_P7
4121_Z2SFTS_1,partial_P5
4122_Z2SFTS_1,partial_P5
4127_Z2SFTS_1,partial_P5
4129_Z2SFTS_1,partial_P5
4130_Z2SFTS_1,partial_P7
4132_Z2SFTS_1,partial_P5
4133_Z2SFTS_1,partial_P5
4134_Z2SFTS_1,partial_P7
4135_Z2SFTS_1,partial_P5
4139_Z2SFTS_1,partial_P5
4140_Z2SFTS_1,partial_P5
4141_Z2SFTS_1,partial_P5
4142_Z2SFTS_1,partial_P5
4143_Z2SFTS_1,partial_P5
4144_Z2SFTS_1,partial_P5
4145_Z2SFTS_1,partial_P5
4146_Z2SFTS_1,partial_P5
4147_Z2SFTS_1,partial_P5
4148_Z2SFTS_1,partial_P5
4149_Z2SFTS_1,partial_P5
4151_Z2SFTS_1,partial_P5
4152_Z2SFTS_1,partial_P5
4153_Z2SFTS_1,partial_P7
4154_Z2SFTS_1,partial_P7
4155_Z2SFTS_1,partial_P7
4156_Z2SFTS_1,partial_P5
4157_Z2SFTS_1,partial_P5
4158_Z2SFTS_1,partial_P5
4159_Z2SFTS_1,partial_P5
4160_Z2SFTS_1,partial_P5
4162_Z2SFTS_1,partial_P5
4163_Z2SFTS_1,partial_P5
4164_Z2SFTS_1,partial_P5
4165_Z2SFTS_1,partial_P5
4166_Z2SFTS_1,partial_P5
4168_Z2SFTS_1,partial_P5
4169_Z2SFTS_1,partial_P5
4170_Z2SFTS_1,partial_P5
4171_Z2SFTS_1,partial_P5
4172_Z2SFTS_1,partial_P5
4173_Z2SFTS_1,partial_P5
4174_Z2SFTS_1,partial_P5
4175_Z2SFTS_1,partial_P7
4176_Z2SFTS_1,partial_P7
4177_Z2SFTS_1,partial_P5
4178_Z2SFTS_1,partial_P5
4179_Z2SFTS_1,partial_P5
4180_Z2SFTS_1,partial_P5
4181_Z2SFTS_1,partial_P7
4182_Z2SFTS_1,partial_P5
4183_Z2SFTS_1,partial_P5
4185_Z2SFTS_1,partial_P5
4186_Z2SFTS_1,partial_P5
4187_Z2SFTS_1,partial_P5
4188_Z2SFTS_1,partial_P5
4189_Z2SFTS_1,partial_P5
4191_Z2SFTS_1,partial_P5
4193_Z2SFTS_1,partial_P7
4195_Z2SFTS_1,partial_P5
4196_Z2SFTS_1,partial_P5
4199_Z2SFTS_1,partial_P5
4200_Z2SFTS_1,partial_P5
4201_Z2SFTS_1,partial_P5
4202_Z2SFTS_1,partial_P5
4203_Z2SFTS_1,partial_P5
4204_Z2SFTS_1,partial_P5
4205_Z2SFTS_1,partial_P5
4207_Z2SFTS_1,partial_P5
4208_Z2SFTS_1,partial_P5
4209_Z2SFTS_1,partial_P5
4210_Z2SFTS_1,partial_P7
4211_Z2SFTS_1,partial_P5
4212_Z2SFTS_1,partial_P5
4213_Z2SFTS_1,partial_P7
4215_Z2SFTS_1,partial_P5
4216_Z2SFTS_1,partial_P5
4217_Z2SFTS_1,partial_P5
4218_Z2SFTS_1,partial_P5
4219_Z2SFTS_1,partial_P5
4220_Z2SFTS_1,partial_P5
4221_Z2SFTS_1,partial_P7
4224_Z2SFTS_1,partial_P5
4225_Z2SFTS_1,partial_P5
4226_Z2SFTS_1,partial_P5
4227_Z2SFTS_1,partial_P5
4228_Z2SFTS_1,partial_P5
4230_Z2SFTS_1,partial_P5
4231_Z2SFTS_1,partial_P7
4232_Z2SFTS_1,partial_P7
4233_Z2SFTS_1,partial_P5
4234_Z2SFTS_1,partial_P5
4235_Z2SFTS_1,partial_P7
4236_Z2SFTS_1,partial_P5
4237_Z2SFTS_1,partial_P7
4238_Z2SFTS_1,partial_P7
4239_Z2SFTS_1,partial_P7
4240_Z2SFTS_1,partial_P5
4242_Z2SFTS_1,partial_P5
4244_Z2SFTS_1,partial_P7
4245_Z2SFTS_1,partial_P5
4246_Z2SFTS_1,partial_P5
4247_Z2SFTS_1,partial_P5
4248_Z2SFTS_1,partial_P5
4249_Z2SFTS_1,partial_P5
4250_Z2SFTS_1,partial_P5
4252_Z2SFTS_1,partial_P5
4253_Z2SFTS_1,partial_P5
4254_Z2SFTS_1,partial_P5
4255_Z2SFTS_1,partial_P5
4256_Z2SFTS_1,partial_P7
4258_Z2SFTS_1,partial_P5
4260_Z2SFTS_1,partial_P7
4262_Z2SFTS_1,partial_P5
4263_Z2SFTS_1,partial_P5
4264_Z2SFTS_1,partial_P5
4265_Z2SFTS_1,partial_P5
4266_Z2SFTS_1,partial_P5
4267_Z2SFTS_1,partial_P5
4268_Z2SFTS_1,partial_P5
4270_Z2SFTS_1,partial_P5
4272_Z2SFTS_1,partial_P5
4273_Z2SFTS_1,partial_P7
4274_Z2SFTS_1,partial_P7
4275_Z2SFTS_1,partial_P7
4276_Z2SFTS_1,partial_P5
4277_Z2SFTS_1,partial_P7
4280_Z2SFTS_1,partial_P5
4281_Z2SFTS_1,partial_P5
4283_Z2SFTS_1,partial_P5
4284_Z2SFTS_1,partial_P5
4285_Z2SFTS_1,partial_P5
4286_Z2SFTS_1,partial_P5
4287_Z2SFTS_1,partial_P5
4288_Z2SFTS_1,partial_P7
4289_Z2SFTS_1,partial_P7
4290_Z2SFTS_1,partial_P5
4291_Z2SFTS_1,partial_P5
4292_Z2SFTS_1,partial_P5
4293_Z2SFTS_1,partial_P5
4294_Z2SFTS_1,partial_P5
4296_Z2SFTS_1,partial_P5
4297_Z2SFTS_1,partial_P7
4298_Z2SFTS_1,partial_P5
4299_Z2SFTS_1,partial_P7
4301_Z2SFTS_1,partial_P5
4302_Z2SFTS_1,partial_P7
4303_Z2SFTS_1,partial_P5
4304_Z2SFTS_1,partial_P5
4306_Z2SFTS_1,partial_P5
4307_Z2SFTS_1,partial_P5
4309_Z2SFTS_1,partial_P5
4310_Z2SFTS_1,partial_P5
4312_Z2SFTS_1,partial_P5
4313_Z2SFTS_1,partial_P5
4314_Z2SFTS_1,partial_P5
4315_Z2SFTS_1,partial_P5
4317_Z2SFTS_1,partial_P7
4318_Z2SFTS_1,partial_P5
4319_Z2SFTS_1,partial_P5
4320_Z2SFTS_1,partial_P7
4321_Z2SFTS_1,partial_P5
4322_Z2SFTS_1,partial_P5
4323_Z2SFTS_1,partial_P5
4324_Z2SFTS_1,partial_P5
4325_Z2SFTS_1,partial_P7
4326_Z2SFTS_1,partial_P5
4327_Z2SFTS_1,partial_P5
4329_Z2SFTS_1,partial_P5
4330_Z2SFTS_1,partial_P5
4331_Z2SFTS_1,partial_P5
4332_Z2SFTS_1,partial_P5
4333_Z2SFTS_1,partial_P5
4334_Z2SFTS_1,partial_P5
4335_Z2SFTS_1,partial_P5
4336_Z2SFTS_1,partial_P7
4337_Z2SFTS_1,partial_P5
4339_Z2SFTS_1,partial_P5
4340_Z2SFTS_1,partial_P5
4341_Z2SFTS_1,partial_P5
4343_Z2SFTS_1,partial_P5
4344_Z2SFTS_1,partial_P7
4345_Z2SFTS_1,partial_P5
4346_Z2SFTS_1,partial_P7
4347_Z2SFTS_1,partial_P5
4348_Z2SFTS_1,partial_P5
4349_Z2SFTS_1,partial_P5
4350_Z2SFTS_1,partial_P5
4351_Z2SFTS_1,partial_P7
4352_Z2SFTS_1,partial_P5
4353_Z2SFTS_1,partial_P5
4354_Z2SFTS_1,partial_P7
4355_Z2SFTS_1,partial_P7
4356_Z2SFTS_1,partial_P7
4357_Z2SFTS_1,both_partial
4358_Z2SFTS_1,partial_P5
4359_Z2SFTS_1,partial_P5
4360_Z2SFTS_1,partial_P5
4361_Z2SFTS_1,partial_P5
4362_Z2SFTS_1,partial_P5
4363_Z2SFTS_1,partial_P5
4366_Z2SFTS_1,partial_P7
4367_Z2SFTS_1,partial_P5
4368_Z2SFTS_1,partial_P5
4369_Z2SFTS_1,partial_P5
4371_Z2SFTS_1,partial_P5
4372_Z2SFTS_1,partial_P5
4373_Z2SFTS_1,partial_P5
4374_Z2SFTS_1,partial_P5
4375_Z2SFTS_1,partial_P7
4376_Z2SFTS_1,partial_P5
4377_Z2SFTS_1,partial_P5
4378_Z2SFTS_1,partial_P5
4381_Z2SFTS_1,partial_P7
4382_Z2SFTS_1,partial_P5
4383_Z2SFTS_1,partial_P7
4384_Z2SFTS_1,partial_P5
4385_Z2SFTS_1,partial_P5
4387_Z2SFTS_1,partial_P7
4389_Z2SFTS_1,partial_P5
4391_Z2SFTS_1,partial_P5
4392_Z2SFTS_1,partial_P5
4393_Z2SFTS_1,partial_P5
4395_Z2SFTS_1,partial_P5
4396_Z2SFTS_1,partial_P5
4398_Z2SFTS_1,partial_P7
4399_Z2SFTS_1,partial_P5
4400_Z2SFTS_1,partial_P5
4401_Z2SFTS_1,partial_P7
4402_Z2SFTS_1,both_partial
4403_Z2SFTS_1,partial_P5
4404_Z2SFTS_1,partial_P5
4406_Z2SFTS_1,partial_P5
4407_Z2SFTS_1,partial_P5
4408_Z2SFTS_1,partial_P5
4409_Z2SFTS_1,partial_P5
4410_Z2SFTS_1,partial_P5
4411_Z2SFTS_1,partial_P5
4412_Z2SFTS_1,partial_P5
4413_Z2SFTS_1,partial_P5
4414_Z2SFTS_1,partial_P5
4415_Z2SFTS_1,partial_P5
4416_Z2SFTS_1,partial_P5
4418_Z2SFTS_1,partial_P5
4419_Z2SFTS_1,partial_P5
4420_Z2SFTS_1,partial_P5
4421_Z2SFTS_1,partial_P7
4423_Z2SFTS_1,partial_P5
4424_Z2SFTS_1,partial_P7
4425_Z2SFTS_1,partial_P5
4426_Z2SFTS_1,partial_P7
4427_Z2SFTS_1,partial_P5
4428_Z2SFTS_1,partial_P5
4429_Z2SFTS_1,partial_P7
4430_Z2SFTS_1,partial_P7
4431_Z2SFTS_1,partial_P7
4432_Z2SFTS_1,partial_P5
4433_Z2SFTS_1,partial_P5
4434_Z2SFTS_1,partial_P5
4435_Z2SFTS_1,partial_P5
4437_Z2SFTS_1,partial_P5
4438_Z2SFTS_1,partial_P5
4440_Z2SFTS_1,partial_P5
4441_Z2SFTS_1,partial_P5
4442_Z2SFTS_1,partial_P5
4443_Z2SFTS_1,partial_P5
4444_Z2SFTS_1,partial_P7
4445_Z2SFTS_1,partial_P5
4447_Z2SFTS_1,partial_P7
4448_Z2SFTS_1,partial_P5
4449_Z2SFTS_1,partial_P5
4450_Z2SFTS_1,partial_P5
4451_Z2SFTS_1,partial_P5
4452_Z2SFTS_1,partial_P5
4453_Z2SFTS_1,partial_P5
4454_Z2SFTS_1,partial_P5
4455_Z2SFTS_1,partial_P7
4456_Z2SFTS_1,partial_P5
4457_Z2SFTS_1,partial_P7
4459_Z2SFTS_1,partial_P5
4460_Z2SFTS_1,partial_P5
4461_Z2SFTS_1,partial_P7
4462_Z2SFTS_1,partial_P5
4463_Z2SFTS_1,partial_P5
4464_Z2SFTS_1,partial_P7
4466_Z2SFTS_1,partial_P5
4467_Z2SFTS_1,partial_P5
4468_Z2SFTS_1,partial_P5
4469_Z2SFTS_1,partial_P5
4471_Z2SFTS_1,partial_P7
4472_Z2SFTS_1,partial_P5
4473_Z2SFTS_1,partial_P5
4474_Z2SFTS_1,partial_P5
4475_Z2SFTS_1,partial_P5
4476_Z2SFTS_1,partial_P5
4477_Z2SFTS_1,partial_P5
4478_Z2SFTS_1,partial_P7
4480_Z2SFTS_1,partial_P7
4481_Z2SFTS_1,partial_P7
4482_Z2SFTS_1,partial_P5
4483_Z2SFTS_1,partial_P5
4484_Z2SFTS_1,partial_P5
4485_Z2SFTS_1,partial_P5
4488_Z2SFTS_1,partial_P5
4489_Z2SFTS_1,partial_P7
4490_Z2SFTS_1,partial_P5
4491_Z2SFTS_1,partial_P5
4493_Z2SFTS_1,partial_P5
4494_Z2SFTS_1,partial_P5
4495_Z2SFTS_1,partial_P5
4496_Z2SFTS_1,partial_P5
4497_Z2SFTS_1,partial_P5
4498_Z2SFTS_1,partial_P5
4499_Z2SFTS_1,partial_P7
4500_Z2SFTS_1,partial_P5
4501_Z2SFTS_1,partial_P5
4502_Z2SFTS_1,partial_P5
4503_Z2SFTS_1,partial_P5
4504_Z2SFTS_1,partial_P5
4505_Z2SFTS_1,partial_P7
4507_Z2SFTS_1,partial_P5
4508_Z2SFTS_1,partial_P5
4509_Z2SFTS_1,partial_P5
4510_Z2SFTS_1,partial_P7
4511_Z2SFTS_1,partial_P5
4512_Z2SFTS_1,partial_P5
4513_Z2SFTS_1,partial_P7
4514_Z2SFTS_1,partial_P7
4515_Z2SFTS_1,partial_P7
4516_Z2SFTS_1,partial_P5
4518_Z2SFTS_1,partial_P7
4519_Z2SFTS_1,partial_P5
4520_Z2SFTS_1,partial_P5
4523_Z2SFTS_1,partial_P5
4524_Z2SFTS_1,partial_P5
4525_Z2SFTS_1,partial_P7
4527_Z2SFTS_1,partial_P5
4528_Z2SFTS_1,partial_P7
4529_Z2SFTS_1,partial_P5
4530_Z2SFTS_1,partial_P5
4531_Z2SFTS_1,partial_P5
4532_Z2SFTS_1,partial_P7
4534_Z2SFTS_1,partial_P5
4535_Z2SFTS_1,partial_P5
4536_Z2SFTS_1,partial_P5
4538_Z2SFTS_1,partial_P5
4539_Z2SFTS_1,partial_P7
4540_Z2SFTS_1,partial_P7
4541_Z2SFTS_1,partial_P5
4542_Z2SFTS_1,partial_P5
4543_Z2SFTS_1,partial_P5
4544_Z2SFTS_1,partial_P5
4545_Z2SFTS_1,partial_P7
4546_Z2SFTS_1,partial_P5
4547_Z2SFTS_1,partial_P5
4548_Z2SFTS_1,partial_P5
4549_Z2SFTS_1,partial_P5
4550_Z2SFTS_1,partial_P5
4554_Z2SFTS_1,partial_P5
4555_Z2SFTS_1,partial_P5
4556_Z2SFTS_1,partial_P5
4557_Z2SFTS_1,partial_P5
4560_Z2SFTS_1,partial_P5
4562_Z2SFTS_1,partial_P5
4563_Z2SFTS_1,partial_P5
4564_Z2SFTS_1,partial_P5
4567_Z2SFTS_1,partial_P7
4568_Z2SFTS_1,partial_P5
4569_Z2SFTS_1,partial_P5
4570_Z2SFTS_1,partial_P5
4571_Z2SFTS_1,partial_P5
4573_Z2SFTS_1,partial_P5
4574_Z2SFTS_1,partial_P5
4575_Z2SFTS_1,partial_P5
4576_Z2SFTS_1,partial_P5
4577_Z2SFTS_1,partial_P7
4578_Z2SFTS_1,partial_P5
4581_Z2SFTS_1,partial_P5
4582_Z2SFTS_1,partial_P5
4583_Z2SFTS_1,partial_P5
4584_Z2SFTS_1,partial_P5
4585_Z2SFTS_1,partial_P5
4586_Z2SFTS_1,partial_P5
4587_Z2SFTS_1,partial_P5
4588_Z2SFTS_1,partial_P5
4590_Z2SFTS_1,partial_P7
4591_Z2SFTS_1,partial_P7
4592_Z2SFTS_1,partial_P7
4593_Z2SFTS_1,partial_P5
4594_Z2SFTS_1,partial_P5
4595_Z2SFTS_1,partial_P5
4596_Z2SFTS_1,partial_P7
4598_Z2SFTS_1,partial_P5
4599_Z2SFTS_1,partial_P5
4600_Z2SFTS_1,partial_P5
4601_Z2SFTS_1,partial_P5
4602_Z2SFTS_1,partial_P7
4604_Z2SFTS_1,partial_P5
4605_Z2SFTS_1,partial_P5
4606_Z2SFTS_1,partial_P7
4607_Z2SFTS_1,partial_P5
4610_Z2SFTS_1,partial_P5
4611_Z2SFTS_1,partial_P5
4612_Z2SFTS_1,partial_P5
4613_Z2SFTS_1,partial_P5
4614_Z2SFTS_1,partial_P5
4615_Z2SFTS_1,partial_P7
4616_Z2SFTS_1,partial_P5
4617_Z2SFTS_1,partial_P7
4618_Z2SFTS_1,partial_P5
4620_Z2SFTS_1,partial_P5
4621_Z2SFTS_1,partial_P7
4622_Z2SFTS_1,partial_P5
4623_Z2SFTS_1,partial_P5
4626_Z2SFTS_1,partial_P5
4630_Z2SFTS_1,partial_P5
4631_Z2SFTS_1,partial_P7
4632_Z2SFTS_1,partial_P5
4634_Z2SFTS_1,partial_P5
4635_Z2SFTS_1,partial_P7
4636_Z2SFTS_1,both_partial
4637_Z2SFTS_1,partial_P5
4638_Z2SFTS_1,partial_P5
4639_Z2SFTS_1,partial_P7
4640_Z2SFTS_1,partial_P7
4641_Z2SFTS_1,partial_P5
4642_Z2SFTS_1,partial_P5
4643_Z2SFTS_1,partial_P5
4644_Z2SFTS_1,partial_P5
4645_Z2SFTS_1,partial_P5
4646_Z2SFTS_1,partial_P5
4648_Z2SFTS_1,partial_P5
4649_Z2SFTS_1,partial_P5
4650_Z2SFTS_1,partial_P5
4651_Z2SFTS_1,partial_P5
4652_Z2SFTS_1,partial_P5
4653_Z2SFTS_1,partial_P5
4654_Z2SFTS_1,partial_P5
4655_Z2SFTS_1,partial_P5
4657_Z2SFTS_1,partial_P5
4658_Z2SFTS_1,partial_P5
4659_Z2SFTS_1,partial_P5
4661_Z2SFTS_1,partial_P5
4662_Z2SFTS_1,partial_P5
4663_Z2SFTS_1,partial_P5
4664_Z2SFTS_1,partial_P5
4665_Z2SFTS_1,partial_P5
4666_Z2SFTS_1,partial_P5
4667_Z2SFTS_1,partial_P7
4668_Z2SFTS_1,partial_P5
4669_Z2SFTS_1,partial_P5
4670_Z2SFTS_1,partial_P5
4671_Z2SFTS_1,partial_P5
4672_Z2SFTS_1,partial_P7
4673_Z2SFTS_1,partial_P5
4674_Z2SFTS_1,partial_P5
4675_Z2SFTS_1,partial_P5
4676_Z2SFTS_1,partial_P5
4677_Z2SFTS_1,partial_P5
4678_Z2SFTS_1,partial_P5
4679_Z2SFTS_1,partial_P5
4681_Z2SFTS_1,partial_P7
4682_Z2SFTS_1,partial_P7
4683_Z2SFTS_1,partial_P5
4684_Z2SFTS_1,partial_P5
4685_Z2SFTS_1,partial_P5
4686_Z2SFTS_1,partial_P7
4687_Z2SFTS_1,partial_P5
4688_Z2SFTS_1,partial_P5
4689_Z2SFTS_1,partial_P5
4692_Z2SFTS_1,partial_P5
4693_Z2SFTS_1,partial_P5
4694_Z2SFTS_1,partial_P5
4695_Z2SFTS_1,partial_P7
4696_Z2SFTS_1,partial_P5
4697_Z2SFTS_1,partial_P5
4698_Z2SFTS_1,partial_P5
4699_Z2SFTS_1,partial_P5
4700_Z2SFTS_1,partial_P5
4701_Z2SFTS_1,partial_P5
4702_Z2SFTS_1,partial_P5
4703_Z2SFTS_1,partial_P5
4704_Z2SFTS_1,partial_P5
4705_Z2SFTS_1,partial_P5
4706_Z2SFTS_1,partial_P7
4707_Z2SFTS_1,partial_P7
4710_Z2SFTS_1,partial_P5
4711_Z2SFTS_1,partial_P5
4712_Z2SFTS_1,partial_P5
4713_Z2SFTS_1,partial_P5
4714_Z2SFTS_1,partial_P5
4715_Z2SFTS_1,partial_P5
4716_Z2SFTS_1,partial_P5
4717_Z2SFTS_1,partial_P5
4718_Z2SFTS_1,partial_P5
4719_Z2SFTS_1,partial_P7
4720_Z2SFTS_1,partial_P5
4722_Z2SFTS_1,partial_P7
4723_Z2SFTS_1,partial_P5
4724_Z2SFTS_1,partial_P5
4725_Z2SFTS_1,partial_P7
4726_Z2SFTS_1,partial_P7
4727_Z2SFTS_1,partial_P7
4728_Z2SFTS_1,partial_P7
4729_Z2SFTS_1,partial_P7
4730_Z2SFTS_1,partial_P5
4731_Z2SFTS_1,partial_P7
4733_Z2SFTS_1,partial_P5
4734_Z2SFTS_1,partial_P5
4735_Z2SFTS_1,partial_P5
4736_Z2SFTS_1,partial_P5
4738_Z2SFTS_1,partial_P5
4739_Z2SFTS_1,partial_P5
4740_Z2SFTS_1,partial_P5
4741_Z2SFTS_1,partial_P5
4743_Z2SFTS_1,partial_P5
4745_Z2SFTS_1,both_partial
4746_Z2SFTS_1,partial_P5
4747_Z2SFTS_1,partial_P5
4749_Z2SFTS_1,partial_P5
4750_Z2SFTS_1,partial_P7
4751_Z2SFTS_1,partial_P5
4752_Z2SFTS_1,both_partial
4753_Z2SFTS_1,partial_P5
4754_Z2SFTS_1,partial_P5
4756_Z2SFTS_1,partial_P5
4757_Z2SFTS_1,partial_P7
4758_Z2SFTS_1,partial_P5
4759_Z2SFTS_1,partial_P5
4760_Z2SFTS_1,partial_P5
4761_Z2SFTS_1,partial_P5
4762_Z2SFTS_1,partial_P5
4764_Z2SFTS_1,partial_P7
4765_Z2SFTS_1,partial_P5
4766_Z2SFTS_1,partial_P5
4767_Z2SFTS_1,partial_P7
4769_Z2SFTS_1,partial_P5
4771_Z2SFTS_1,partial_P5
4772_Z2SFTS_1,partial_P5
4773_Z2SFTS_1,partial_P5
4774_Z2SFTS_1,partial_P5
4775_Z2SFTS_1,partial_P5
4776_Z2SFTS_1,partial_P5
4777_Z2SFTS_1,partial_P5
4778_Z2SFTS_1,partial_P5
4779_Z2SFTS_1,partial_P5
4780_Z2SFTS_1,partial_P5
4781_Z2SFTS_1,partial_P7
4782_Z2SFTS_1,partial_P5
4783_Z2SFTS_1,partial_P7
4784_Z2SFTS_1,partial_P5
4785_Z2SFTS_1,partial_P7
4786_Z2SFTS_1,partial_P5
4787_Z2SFTS_1,partial_P5
4788_Z2SFTS_1,partial_P5
4789_Z2SFTS_1,partial_P5
4791_Z2SFTS_1,partial_P7
4792_Z2SFTS_1,partial_P7
4793_Z2SFTS_1,partial_P5
4794_Z2SFTS_1,partial_P5
4795_Z2SFTS_1,partial_P7
4796_Z2SFTS_1,partial_P5
4797_Z2SFTS_1,partial_P5
4798_Z2SFTS_1,partial_P5
4799_Z2SFTS_1,partial_P5
4800_Z2SFTS_1,partial_P5
4801_Z2SFTS_1,partial_P7
4802_Z2SFTS_1,partial_P5
4804_Z2SFTS_1,partial_P5
4805_Z2SFTS_1,partial_P5
4809_Z2SFTS_1,partial_P7
4812_Z2SFTS_1,both_partial
4813_Z2SFTS_1,partial_P7
4814_Z2SFTS_1,partial_P5
4815_Z2SFTS_1,both_partial
4816_Z2SFTS_1,partial_P5
4818_Z2SFTS_1,partial_P5
4820_Z2SFTS_1,both_partial
4824_Z2SFTS_1,partial_P5
4826_Z2SFTS_1,partial_P5
4828_Z2SFTS_1,partial_P5
4832_Z2SFTS_1,partial_P7
4833_Z2SFTS_1,partial_P7
4834_Z2SFTS_1,partial_P7
4835_Z2SFTS_1,partial_P5
4837_Z2SFTS_1,partial_P5
4838_Z2SFTS_1,partial_P7
4839_Z2SFTS_1,partial_P7
4842_Z2SFTS_1,partial_P5
4843_Z2SFTS_1,partial_P5
4844_Z2SFTS_1,partial_P5
4845_Z2SFTS_1,both_partial
4846_Z2SFTS_1,partial_P5
4848_Z2SFTS_1,partial_P5
4849_Z2SFTS_1,partial_P5
4850_Z2SFTS_1,partial_P5
4852_Z2SFTS_1,partial_P5
4854_Z2SFTS_1,partial_P5
4855_Z2SFTS_1,partial_P7
4857_Z2SFTS_1,both_partial
4858_Z2SFTS_1,partial_P5
4859_Z2SFTS_1,partial_P5
4860_Z2SFTS_1,both_partial
4861_Z2SFTS_1,partial_P7
4863_Z2SFTS_1,partial_P5
4869_Z2SFTS_1,both_partial
4870_Z2SFTS_1,partial_P5
4873_Z2SFTS_1,partial_P5
4875_Z2SFTS_1,both_partial
4877_Z2SFTS_1,partial_P5
4878_Z2SFTS_1,partial_P7
4881_Z2SFTS_1,partial_P5
4882_Z2SFTS_1,partial_P5
4884_Z2SFTS_1,partial_P5
4885_Z2SFTS_1,partial_P5
4886_Z2SFTS_1,partial_P5
4888_Z2SFTS_1,partial_P7
4889_Z2SFTS_1,partial_P5
4891_Z2SFTS_1,partial_P5
4894_Z2SFTS_1,partial_P5
4895_Z2SFTS_1,partial_P5
4896_Z2SFTS_1,partial_P5
4898_Z2SFTS_1,partial_P5
4899_Z2SFTS_1,partial_P5
4902_Z2SFTS_1,partial_P5
4903_Z2SFTS_1,partial_P7
4907_Z2SFTS_1,partial_P5
4908_Z2SFTS_1,both_partial
4909_Z2SFTS_1,partial_P7
4913_Z2SFTS_1,partial_P5
4914_Z2SFTS_1,partial_P7
4916_Z2SFTS_1,partial_P5
4918_Z2SFTS_1,partial_P7
4919_Z2SFTS_1,partial_P5
4920_Z2SFTS_1,partial_P5
4922_Z2SFTS_1,partial_P7
4925_Z2SFTS_1,partial_P5
4929_Z2SFTS_1,partial_P5
4930_Z2SFTS_1,partial_P7
4931_Z2SFTS_1,partial_P5
4934_Z2SFTS_1,both_partial
4935_Z2SFTS_1,partial_P7
4939_Z2SFTS_1,partial_P5
4941_Z2SFTS_1,both_partial
4942_Z2SFTS_1,partial_P5
4943_Z2SFTS_1,partial_P7
4947_Z2SFTS_1,partial_P7
4948_Z2SFTS_1,partial_P5
4951_Z2SFTS_1,partial_P7
4952_Z2SFTS_1,partial_P5
4954_Z2SFTS_1,partial_P5
4955_Z2SFTS_1,partial_P7
4956_Z2SFTS_1,partial_P5
4957_Z2SFTS_1,partial_P5
4958_Z2SFTS_1,partial_P7
4959_Z2SFTS_1,partial_P5
4960_Z2SFTS_1,partial_P5
4961_Z2SFTS_1,partial_P5
4965_Z2SFTS_1,partial_P7
4966_Z2SFTS_1,partial_P5
4967_Z2SFTS_1,partial_P7
4969_Z2SFTS_1,partial_P5
4970_Z2SFTS_1,partial_P5
4971_Z2SFTS_1,partial_P7
4972_Z2SFTS_1,partial_P7
4974_Z2SFTS_1,partial_P5
4976_Z2SFTS_1,partial_P7
4979_Z2SFTS_1,partial_P5
4980_Z2SFTS_1,partial_P7
4981_Z2SFTS_1,partial_P5
4983_Z2SFTS_1,partial_P7
4984_Z2SFTS_1,partial_P7
4985_Z2SFTS_1,partial_P5
4986_Z2SFTS_1,partial_P5
4988_Z2SFTS_1,both_partial
4989_Z2SFTS_1,partial_P5
4990_Z2SFTS_1,partial_P5
4991_Z2SFTS_1,partial_P5
4992_Z2SFTS_1,partial_P5
4993_Z2SFTS_1,partial_P5
4994_Z2SFTS_1,partial_P5
4995_Z2SFTS_1,both_partial
4996_Z2SFTS_1,both_partial
4999_Z2SFTS_1,partial_P7
